dataPlatform,schema,dataset,class,field,sourceEntityType,sourceDataType,sourceNullable,pk,pii,classification,sqlDataType,columnSize,definedBy,ordinalPosition,idx,V3
LBSDummyP,Payments TS2-PP1,payment_dd_collections_transient_store,payment_dd_collections_transient_store,BACS_TRANSACTION_CODE,Column,VARCHAR,true,false,,,,,,,,
LBSDummyP,Payments TS2-PP1,payment_dd_collections_transient_store,payment_dd_collections_transient_store,BATCH_ID,Column,INTEGER,true,false,,,,,,,,
LBSDummyP,Payments TS2-PP1,payment_dd_collections_transient_store,payment_dd_collections_transient_store,COLLECTION_AMOUNT,Column,DECIMAL,false,false,,,,,,,,
LBSDummyP,Payments TS2-PP1,payment_dd_collections_transient_store,payment_dd_collections_transient_store,COLLECTION_CREATED_DATE,Column,DATE,false,false,,,,,,,,
LBSDummyP,Payments TS2-PP1,payment_dd_collections_transient_store,payment_dd_collections_transient_store,COLLECTION_EXTRACT_DATE,Column,DATE,false,false,,,,,,,,
LBSDummyP,Payments TS2-PP1,payment_dd_collections_transient_store,payment_dd_collections_transient_store,COLLECTION_ID,Column,UNIQUEID,false,true,,,,,,,,
LBSDummyP,Payments TS2-PP1,payment_dd_collections_transient_store,payment_dd_collections_transient_store,COLLECTION_STATUS,Column,VARCHAR,false,false,,,,,,,,
LBSDummyP,Payments TS2-PP1,payment_dd_collections_transient_store,payment_dd_collections_transient_store,CUSTOMER_MANDATE_REFERENCE,Column,VARCHAR,false,false,,,,,,,,
LBSDummyP,Payments TS2-PP1,payment_dd_collections_transient_store,payment_dd_collections_transient_store,INSTRUCTION_ID,Column,INTEGER,true,false,,,,,,,,
LBSDummyP,Payments TS2-PP1,payment_dd_collections_transient_store,payment_dd_collections_transient_store,INSTRUCTION_TYPE,Column,VARCHAR,true,false,,,,,,,,
LBSDummyP,Payments TS2-PP1,payment_dd_collections_transient_store,payment_dd_collections_transient_store,LOAN_ACCOUNT_NUMBER,Column,VARCHAR,false,false,true,ACCOUNT_NUMBER,,,,,,
LBSDummyP,Payments TS2-PP1,payment_dd_collections_transient_store,payment_dd_collections_transient_store,LOAN_ACCOUNT_SORT_CODE,Column,VARCHAR,false,false,,,,,,,,
LBSDummyP,Payments TS2-PP1,payment_dd_collections_transient_store,payment_dd_collections_transient_store,LOAN_ACCOUNT_SUFFIX,Column,VARCHAR,false,false,,,,,,,,
LBSDummyP,Payments TS2-PP1,payment_dd_collections_transient_store,payment_dd_collections_transient_store,MANDATE_ID,Column,INTEGER,false,false,,,,,,,,
LBSDummyP,Payments TS2-PP1,payment_dd_collections_transient_store,payment_dd_collections_transient_store,NARRATIVE,Column,VARCHAR,true,false,,,,,,,,
LBSDummyP,Payments TS2-PP1,payment_dd_collections_transient_store,payment_dd_collections_transient_store,PAYMENT_DATE,Column,DATE,false,false,,,,,,,,
LBSDummyP,Payments TS2-PP1,payment_dd_collections_transient_store,payment_dd_collections_transient_store,SENDING_ACCOUNT_NAME,Column,VARCHAR,true,false,true,ACCOUNT_NAME,,,,,,
LBSDummyP,Payments TS2-PP1,payment_dd_collections_transient_store,payment_dd_collections_transient_store,SENDING_ACCOUNT_NUMBER,Column,VARCHAR,true,false,true,ACCOUNT_NUMBER,,,,,,
LBSDummyP,Payments TS2-PP1,payment_dd_collections_transient_store,payment_dd_collections_transient_store,SENDING_SORT_CODE,Column,VARCHAR,true,false,,,,,,,,
LBSDummyP,Payments TS2-PP1,payment_dd_mandate_cross_reference,payment_dd_mandate_cross_reference,CONTACT_ID,Column,INTEGER,false,false,,,,,,,,
LBSDummyP,Payments TS2-PP1,payment_dd_mandate_cross_reference,payment_dd_mandate_cross_reference,CUSTOMER_MANDATE_REFERENCE,Column,VARCHAR,true,false,,,,,,,,
LBSDummyP,Payments TS2-PP1,payment_dd_mandate_cross_reference,payment_dd_mandate_cross_reference,LOAN_ACCOUNT_NUMBER,Column,VARCHAR,false,false,true,ACCOUNT_NUMBER,,,,,,
LBSDummyP,Payments TS2-PP1,payment_dd_mandate_cross_reference,payment_dd_mandate_cross_reference,LOAN_ACCOUNT_SORT_CODE,Column,VARCHAR,false,false,,,,,,,,
LBSDummyP,Payments TS2-PP1,payment_dd_mandate_cross_reference,payment_dd_mandate_cross_reference,LOAN_ACCOUNT_SUFFIX,Column,VARCHAR,false,false,,,,,,,,
LBSDummyP,Payments TS2-PP1,payment_dd_mandate_cross_reference,payment_dd_mandate_cross_reference,MANDATE_ID,Column,INTEGER,false,true,,,,,,,,
LBSDummyP,Payments TS2-PP1,payment_dd_mandate_cross_reference,payment_dd_mandate_cross_reference,MANDATE_STATUS,Column,VARCHAR,false,false,,,,,,,,
LBSDummyP,Payments TS2-PP1,payment_gl_journal,payment_gl_journal,ID,Column,UNIQUEID,false,true,,,,,,,,
LBSDummyP,Payments TS2-PP1,payment_gl_journal,payment_gl_journal,JOURNAL_ACCOUNTING_STRING,Column,VARCHAR,false,false,,,,,,,,
LBSDummyP,Payments TS2-PP1,payment_gl_journal,payment_gl_journal,JOURNAL_CREDIT_ACCOUNT,Column,VARCHAR,false,false,,,,,,,,
LBSDummyP,Payments TS2-PP1,payment_gl_journal,payment_gl_journal,JOURNAL_DEBIT_ACCOUNT,Column,VARCHAR,false,false,,,,,,,,
LBSDummyP,Payments TS2-PP1,payment_gl_journal,payment_gl_journal,JOURNAL_TYPE_ID,Column,UNIQUEID,true,false,,,,,,,,
LBSDummyP,Payments TS2-PP1,payment_gl_journal_type,payment_gl_journal_type,JOURNAL_TYPE_CODE,Column,VARCHAR,false,false,,,,,,,,
LBSDummyP,Payments TS2-PP1,payment_gl_journal_type,payment_gl_journal_type,JOURNAL_TYPE_DESC,Column,VARCHAR,false,false,,,,,,,,
LBSDummyP,Payments TS2-PP1,payment_gl_journal_type,payment_gl_journal_type,JOURNAL_TYPE_ID,Column,UNIQUEID,false,true,,,,,,,,
LBSDummyP,Payments TS2-PP1,payment_transaction,payment_transaction,AGENCY_TRANSACTION_IDENTIFICATION,Column,VARCHAR,true,false,,,,,,,,
LBSDummyP,Payments TS2-PP1,payment_transaction,payment_transaction,CLEARING_SYSTEM_REFERENCE,Column,VARCHAR,true,false,,,,,,,,
LBSDummyP,Payments TS2-PP1,payment_transaction,payment_transaction,CREDITOR_ACCOUNT_NAME,Column,VARCHAR,true,false,true,ACCOUNT_NAME,,,,,,
LBSDummyP,Payments TS2-PP1,payment_transaction,payment_transaction,CREDITOR_ACCOUNT_NUMBER,Column,VARCHAR,false,false,true,ACCOUNT_NUMBER,,,,,,
LBSDummyP,Payments TS2-PP1,payment_transaction,payment_transaction,CREDITOR_ACCOUNT_SORT_CODE,Column,VARCHAR,false,false,,,,,,,,
LBSDummyP,Payments TS2-PP1,payment_transaction,payment_transaction,CREDITOR_ACCOUNT_TYPE_CODE,Column,VARCHAR,true,false,,,,,,,,
LBSDummyP,Payments TS2-PP1,payment_transaction,payment_transaction,CREDITOR_ADDRESS,Column,VARCHAR,true,false,true,ADDRESS,,,,,,
LBSDummyP,Payments TS2-PP1,payment_transaction,payment_transaction,CREDITOR_CLEARING_AGENT_CODE,Column,VARCHAR,true,false,,,,,,,,
LBSDummyP,Payments TS2-PP1,payment_transaction,payment_transaction,CUSTOMER_TRANSACTION_REFERENCE,Column,VARCHAR,false,false,,,,,,,,
LBSDummyP,Payments TS2-PP1,payment_transaction,payment_transaction,DEBTOR_ACCOUNT_NAME,Column,VARCHAR,true,false,true,ACCOUNT_NAME,,,,,,
LBSDummyP,Payments TS2-PP1,payment_transaction,payment_transaction,DEBTOR_ACCOUNT_NUMBER,Column,VARCHAR,false,false,true,ACCOUNT_NUMBER,,,,,,
LBSDummyP,Payments TS2-PP1,payment_transaction,payment_transaction,DEBTOR_ACCOUNT_SORT_CODE,Column,VARCHAR,false,false,,,,,,,,
LBSDummyP,Payments TS2-PP1,payment_transaction,payment_transaction,DEBTOR_ADDRESS,Column,VARCHAR,true,false,true,ADDRESS,,,,,,
LBSDummyP,Payments TS2-PP1,payment_transaction,payment_transaction,DEBTOR_CLEARING_AGENT_CODE,Column,VARCHAR,true,false,,,,,,,,
LBSDummyP,Payments TS2-PP1,payment_transaction,payment_transaction,ID,Column,UNIQUEID,false,true,,,,,,,,
LBSDummyP,Payments TS2-PP1,payment_transaction,payment_transaction,NUMBER_OF_TRANSACTIONS,Column,INTEGER,true,false,,,,,,,,
LBSDummyP,Payments TS2-PP1,payment_transaction,payment_transaction,PAYMENT_FILE_NARRATIVE,Column,VARCHAR,true,false,,,,,,,,
LBSDummyP,Payments TS2-PP1,payment_transaction,payment_transaction,PAYMENT_TRANSACTION_COST_CENTRE,Column,VARCHAR,true,false,,,,,,,,
LBSDummyP,Payments TS2-PP1,payment_transaction,payment_transaction,PURPOSE_CATEGORY,Column,VARCHAR,false,false,,,,,,,,
LBSDummyP,Payments TS2-PP1,payment_transaction,payment_transaction,REGULATORY_REPORTING,Column,VARCHAR,true,false,,,,,,,,
LBSDummyP,Payments TS2-PP1,payment_transaction,payment_transaction,REMITTANCE_INFORMATION,Column,VARCHAR,true,false,,,,,,,,
LBSDummyP,Payments TS2-PP1,payment_transaction,payment_transaction,SCHEME_MESSAGE_IDENTIFICATION,Column,VARCHAR,false,false,,,,,,,,
LBSDummyP,Payments TS2-PP1,payment_transaction,payment_transaction,SETTLEMENT_METHOD,Column,VARCHAR,false,false,,,,,,,,
LBSDummyP,Payments TS2-PP1,payment_transaction,payment_transaction,TRANSACTION_AMOUNT,Column,DECIMAL,false,false,,,,,,,,
LBSDummyP,Payments TS2-PP1,payment_transaction,payment_transaction,TRANSACTION_BATCH_ID,Column,UNIQUEID,false,false,,,,,,,,
LBSDummyP,Payments TS2-PP1,payment_transaction,payment_transaction,TRANSACTION_CREATIONTIME,Column,DATETIMEOFFSET,false,false,,,,,,,,
LBSDummyP,Payments TS2-PP1,payment_transaction,payment_transaction,TRANSACTION_CURRENCY,Column,VARCHAR,false,false,,,,,,,,
LBSDummyP,Payments TS2-PP1,payment_transaction,payment_transaction,TRANSACTION_IDEMPOTENCY_KEY,Column,UNIQUEID,false,false,,,,,,,,
LBSDummyP,Payments TS2-PP1,payment_transaction,payment_transaction,TRANSACTION_STATUS_CODE,Column,VARCHAR,false,false,,,,,,,,
LBSDummyP,Payments TS2-PP1,payment_transaction,payment_transaction,TRANSACTION_TYPE_CODE,Column,VARCHAR,false,false,,,,,,,,
LBSDummyP,Payments TS2-PP1,payment_transaction,payment_transaction,VALUE_DATE,Column,DATE,false,false,,,,,,,,
LBSDummyP,Payments TS2-PP1,payment_transaction_activity,payment_transaction_activity,ACTIVITY_CODE,Column,VARCHAR,false,false,,,,,,,,
LBSDummyP,Payments TS2-PP1,payment_transaction_activity,payment_transaction_activity,CREATED_AT,Column,DATETIMEOFFSET,false,false,,,,,,,,
LBSDummyP,Payments TS2-PP1,payment_transaction_activity,payment_transaction_activity,CREATED_BY,Column,VARCHAR,false,false,,,,,,,,
LBSDummyP,Payments TS2-PP1,payment_transaction_activity,payment_transaction_activity,ID,Column,UNIQUEID,false,true,,,,,,,,
LBSDummyP,Payments TS2-PP1,payment_transaction_activity,payment_transaction_activity,MESSAGE,Column,VARCHAR,true,false,,,,,,,,
LBSDummyP,Payments TS2-PP1,payment_transaction_activity,payment_transaction_activity,TRANSACTION_ID,Column,UNIQUEID,true,false,,,,,,,,
LBSDummyP,Payments TS2-PP1,payment_transaction_activity,payment_transaction_activity,TRANSACTION_STATUS,Column,VARCHAR,false,false,,,,,,,,
LBSDummyP,Payments TS2-PP1,payment_transaction_activity_type,payment_transaction_activity_type,ACTIVITY_CODE,Column,VARCHAR,false,true,,,,,,,,
LBSDummyP,Payments TS2-PP1,payment_transaction_activity_type,payment_transaction_activity_type,ACTIVITY_DESCRIPTION,Column,VARCHAR,false,false,,,,,,,,
LBSDummyP,Payments TS2-PP1,payment_transaction_batch,payment_transaction_batch,BATCH_IDEMPOTENCY_KEY,Column,UNIQUEID,false,false,,,,,,,,
LBSDummyP,Payments TS2-PP1,payment_transaction_batch,payment_transaction_batch,FILE_HASH,Column,VARCHAR,true,false,,,,,,,,
LBSDummyP,Payments TS2-PP1,payment_transaction_batch,payment_transaction_batch,FILE_ID,Column,VARCHAR,false,false,,,,,,,,
LBSDummyP,Payments TS2-PP1,payment_transaction_batch,payment_transaction_batch,FILE_NAME,Column,VARCHAR,false,false,true,NAME,,,,,,
LBSDummyP,Payments TS2-PP1,payment_transaction_batch,payment_transaction_batch,FILE_PROCESSING_DATE,Column,DATE,false,false,,,,,,,,
LBSDummyP,Payments TS2-PP1,payment_transaction_batch,payment_transaction_batch,ID,Column,UNIQUEID,false,true,,,,,,,,
LBSDummyP,Payments TS2-PP1,payment_transaction_batch,payment_transaction_batch,PAYMENT_FILE_COST_CENTRE,Column,VARCHAR,true,false,,,,,,,,
LBSDummyP,Payments TS2-PP1,payment_transaction_batch,payment_transaction_batch,PAYMENT_FILE_NARRATIVE,Column,VARCHAR,true,false,,,,,,,,
LBSDummyP,Payments TS2-PP1,payment_transaction_batch,payment_transaction_batch,RECEIVED_TIME,Column,DATETIMEOFFSET,false,false,,,,,,,,
LBSDummyP,Payments TS2-PP1,payment_transaction_batch,payment_transaction_batch,TOTAL_TRANSACTION_COUNT,Column,INTEGER,false,false,,,,,,,,
LBSDummyP,Payments TS2-PP1,payment_transaction_batch,payment_transaction_batch,TOTAL_TRANSACTION_VALUE,Column,DECIMAL,false,false,,,,,,,,
LBSDummyP,Payments TS2-PP1,payment_transaction_batch,payment_transaction_batch,TRANSACTION_BATCH_STATUS_CODE,Column,VARCHAR,false,false,,,,,,,,
LBSDummyP,Payments TS2-PP1,payment_transaction_batch_status,payment_transaction_batch_status,TRANSACTION_BATCH_STATUS_CODE,Column,VARCHAR,false,true,,,,,,,,
LBSDummyP,Payments TS2-PP1,payment_transaction_batch_status,payment_transaction_batch_status,TRANSACTION_BATCH_STATUS_DESC,Column,VARCHAR,false,false,,,,,,,,
LBSDummyP,Payments TS2-PP1,payment_transaction_routing,payment_transaction_routing,CREATED_AT,Column,DATETIME,false,false,,,,,,,,
LBSDummyP,Payments TS2-PP1,payment_transaction_routing,payment_transaction_routing,CREATED_BY,Column,VARCHAR,false,false,,,,,,,,
LBSDummyP,Payments TS2-PP1,payment_transaction_routing,payment_transaction_routing,CREDITOR_ACCOUNT_NUMBER,Column,VARCHAR,true,false,true,ACCOUNT_NUMBER,,,,,,
LBSDummyP,Payments TS2-PP1,payment_transaction_routing,payment_transaction_routing,CREDITOR_GL_ACCOUNT,Column,VARCHAR,true,false,,,,,,,,
LBSDummyP,Payments TS2-PP1,payment_transaction_routing,payment_transaction_routing,ENDED_AT,Column,DATETIME,true,false,,,,,,,,
LBSDummyP,Payments TS2-PP1,payment_transaction_routing,payment_transaction_routing,ENDED_BY,Column,VARCHAR,true,false,,,,,,,,
LBSDummyP,Payments TS2-PP1,payment_transaction_routing,payment_transaction_routing,ID,Column,UNIQUEID,false,true,,,,,,,,
LBSDummyP,Payments TS2-PP1,payment_transaction_routing,payment_transaction_routing,ROUTING_TYPE,Column,VARCHAR,false,false,,,,,,,,
LBSDummyP,Payments TS2-PP1,payment_transaction_routing,payment_transaction_routing,TRANSACTION_ID,Column,UNIQUEID,true,false,,,,,,,,
LBSDummyP,Payments TS2-PP1,payment_transaction_routing_type,payment_transaction_routing_type,ROUTING_TYPE_CODE,Column,VARCHAR,false,true,,,,,,,,
LBSDummyP,Payments TS2-PP1,payment_transaction_routing_type,payment_transaction_routing_type,ROUTING_TYPE_DESCRIPTION,Column,VARCHAR,false,false,,,,,,,,
LBSDummyP,Payments TS2-PP1,payment_transaction_status,payment_transaction_status,TRANSACTION_STATUS_CODE,Column,VARCHAR,false,true,,,,,,,,
LBSDummyP,Payments TS2-PP1,payment_transaction_status,payment_transaction_status,TRANSACTION_STATUS_DESC,Column,VARCHAR,false,false,,,,,,,,
LBSDummyP,Payments TS2-PP1,payment_transaction_type,payment_transaction_type,TRANSACTION_TYPE_CODE,Column,VARCHAR,false,true,,,,,,,,
LBSDummyP,Payments TS2-PP1,payment_transaction_type,payment_transaction_type,TRANSACTION_TYPE_DESC,Column,VARCHAR,false,false,,,,,,,,
OracleTest,CUSTOMER,CUSTOMER,CUSTOMER,BALANCE,Column,NUMBER,TRUE,,,,2,15,REAL,8,,
OracleTest,CUSTOMER,CUSTOMER,CUSTOMER,CREATED_AT,Column,DATE,TRUE,,,,93,7,DATETIME,6,,
OracleTest,CUSTOMER,CUSTOMER,CUSTOMER,CUSTOMER_ID,Column,NUMBER,FALSE,true,,,2,0,REAL,1,true,
OracleTest,CUSTOMER,CUSTOMER,CUSTOMER,EMAIL,Column,VARCHAR2,TRUE,,true,EMAIL,12,150,STRING,4,true,
OracleTest,CUSTOMER,CUSTOMER,CUSTOMER,FIRST_NAME,Column,VARCHAR2,TRUE,,true,FIRST_NAME,12,100,STRING,2,,
OracleTest,CUSTOMER,CUSTOMER,CUSTOMER,LAST_NAME,Column,VARCHAR2,TRUE,,true,LAST_NAME,12,100,STRING,3,,
OracleTest,CUSTOMER,CUSTOMER,CUSTOMER,PHONE,Column,VARCHAR2,TRUE,,true,TELEPHONE_NUMBER,12,20,STRING,5,,
OracleTest,CUSTOMER,CUSTOMER,CUSTOMER,TS_TEST,Column,TIMESTAMP(6),TRUE,,,,93,11,DATETIME,7,,
OracleTest,CUSTOMER,EMPLOYEE,EMPLOYEE,ACCOUNT_ID,Column,VARCHAR2,TRUE,,true,DRIVER_LICENSE,12,255,STRING,6,,
OracleTest,CUSTOMER,EMPLOYEE,EMPLOYEE,BALANCE,Column,NUMBER,TRUE,,,,2,15,REAL,7,,
OracleTest,CUSTOMER,EMPLOYEE,EMPLOYEE,EMAIL,Column,VARCHAR2,TRUE,,true,EMAIL,12,150,STRING,4,,
OracleTest,CUSTOMER,EMPLOYEE,EMPLOYEE,EMP_ID,Column,NUMBER,FALSE,true,,,2,0,REAL,1,true,
OracleTest,CUSTOMER,EMPLOYEE,EMPLOYEE,FIRST_NAME,Column,VARCHAR2,TRUE,,true,FIRST_NAME,12,100,STRING,2,,
OracleTest,CUSTOMER,EMPLOYEE,EMPLOYEE,LAST_NAME,Column,VARCHAR2,TRUE,,true,LAST_NAME,12,100,STRING,3,,
OracleTest,CUSTOMER,EMPLOYEE,EMPLOYEE,PHONE,Column,VARCHAR2,TRUE,,true,TELEPHONE_NUMBER,12,20,STRING,5,,
OracleTest,CUSTOMER,ORDERSDATE,ORDERSDATE,CUSTOMER_ID,Column,NUMBER,TRUE,,,,2,0,REAL,2,,
OracleTest,CUSTOMER,ORDERSDATE,ORDERSDATE,ORDER_AMOUNT,Column,NUMBER,TRUE,,,,2,10,REAL,3,,
OracleTest,CUSTOMER,ORDERSDATE,ORDERSDATE,ORDER_DATE,Column,DATE,TRUE,,,,93,7,DATETIME,5,,
OracleTest,CUSTOMER,ORDERSDATE,ORDERSDATE,ORDER_ID,Column,NUMBER,TRUE,,,,2,0,REAL,1,,
OracleTest,CUSTOMER,ORDERSDATE,ORDERSDATE,ORDER_STATUS,Column,VARCHAR2,TRUE,,,,12,20,STRING,4,,
OracleTest,CUSTOMER,ORDERSTS,ORDERSTS,CUSTOMER_ID,Column,NUMBER,TRUE,,,,2,0,REAL,2,,
OracleTest,CUSTOMER,ORDERSTS,ORDERSTS,ORDER_AMOUNT,Column,NUMBER,TRUE,,,,2,10,REAL,3,,
OracleTest,CUSTOMER,ORDERSTS,ORDERSTS,ORDER_ID,Column,NUMBER,TRUE,true,,,2,0,REAL,1,,
OracleTest,CUSTOMER,ORDERSTS,ORDERSTS,ORDER_STATUS,Column,VARCHAR2,TRUE,,true,,12,20,STRING,4,,
OracleTest,CUSTOMER,PERSON,PERSON,AGE,Column,NUMBER,TRUE,,true,AGE,2,38,REAL,5,,
OracleTest,CUSTOMER,PERSON,PERSON,EMAIL,Column,VARCHAR2,TRUE,,true,EMAIL,12,200,STRING,4,,
OracleTest,CUSTOMER,PERSON,PERSON,FIRST_NAME,Column,VARCHAR2,TRUE,,true,FIRST_NAME,12,100,STRING,2,,
OracleTest,CUSTOMER,PERSON,PERSON,LAST_NAME,Column,VARCHAR2,TRUE,,true,LAST_NAME,12,100,STRING,3,,
OracleTest,CUSTOMER,PERSON,PERSON,PERSON_ID,Column,RAW,FALSE,true,,,-3,16,BYTES,1,true,
OracleTest,CUSTOMER,STUDENT,STUDENT,ADDRESS2,Column,VARCHAR2,TRUE,,true,ADDRESS,12,200,STRING,4,,
OracleTest,CUSTOMER,STUDENT,STUDENT,FIRST_NAME,Column,VARCHAR2,TRUE,,true,FIRST_NAME,12,50,STRING,2,,
OracleTest,CUSTOMER,STUDENT,STUDENT,LAST_NAME1,Column,VARCHAR2,TRUE,,true,NAME,12,50,STRING,3,,
OracleTest,CUSTOMER,STUDENT,STUDENT,STUDENT_ID1,Column,NUMBER,TRUE,,,,2,10,REAL,1,,
OracleTest,CUSTOMER,STUDENTBOV,STUDENTBOV,AGE,Column,NUMBER,TRUE,,true,AGE,2,38,REAL,3,,
OracleTest,CUSTOMER,STUDENTBOV,STUDENTBOV,EMAIL,Column,VARCHAR2,TRUE,,true,EMAIL,12,100,STRING,5,,
OracleTest,CUSTOMER,STUDENTBOV,STUDENTBOV,GRADE,Column,VARCHAR2,TRUE,,,,12,10,STRING,4,,
OracleTest,CUSTOMER,STUDENTBOV,STUDENTBOV,NAME,Column,VARCHAR2,TRUE,,true,NAME,12,50,STRING,2,,
OracleTest,CUSTOMER,STUDENTBOV,STUDENTBOV,TABLE_NAME,Column,VARCHAR2,TRUE,,true,NAME,12,20,STRING,1,,
OracleTest,CUSTOMER,STUDENTSIMP,STUDENTSIMP,AGE,Column,NUMBER,TRUE,,true,AGE,2,38,REAL,2,,
OracleTest,CUSTOMER,STUDENTSIMP,STUDENTSIMP,EMAIL,Column,VARCHAR2,TRUE,,true,EMAIL,12,100,STRING,4,,
OracleTest,CUSTOMER,STUDENTSIMP,STUDENTSIMP,GRADE,Column,VARCHAR2,TRUE,,,,12,10,STRING,3,,
OracleTest,CUSTOMER,STUDENTSIMP,STUDENTSIMP,NAME,Column,VARCHAR2,TRUE,,true,NAME,12,50,STRING,1,,
OracleTest,CUSTOMER,USERS_TEST,USERS_TEST,EMAIL,Column,VARCHAR2,FALSE,,true,EMAIL,12,255,STRING,2,true,
OracleTest,CUSTOMER,USERS_TEST,USERS_TEST,EMAIL2,Column,CHAR,TRUE,,true,EMAIL,1,50,STRING,3,,
OracleTest,CUSTOMER,USERS_TEST,USERS_TEST,USER_ID,Column,NUMBER,FALSE,true,,,2,0,REAL,1,true,
,,,,,,,,,,,,,,,,