dataPlatform,schema,dataset,class,field,sqlDataType,sourceDataType,sourceEntityType,sourceNullable,definedBy,description,ordinalPosition,pii,attributeOf,classification,pk,V1
dataverseSource,main,accounts,accounts,accountcategorycode,4,Picklist,Column,TRUE,INTEGER,Select a category to indicate whether the customer account is standard or preferred.,0,,,,,
dataverseSource,main,accounts,accounts,accountcategorycodename,12,Virtual,Column,TRUE,STRING,,1,TRUE,accountcategorycode,NAME,,
dataverseSource,main,accounts,accounts,accountclassificationcode,4,Picklist,Column,TRUE,INTEGER,"Select a classification code to indicate the potential value of the customer account based on the projected return on investment, cooperation level, sales cycle length or other criteria.",2,,,,,
dataverseSource,main,accounts,accounts,accountclassificationcodename,12,Virtual,Column,TRUE,STRING,,3,TRUE,accountclassificationcode,NAME,,
dataverseSource,main,accounts,accounts,accountid,1,Uniqueidentifier,Column,FALSE,STRING,Unique identifier of the account.,4,,,,TRUE,
dataverseSource,main,accounts,accounts,accountnumber,12,String,Column,TRUE,STRING,Type an ID number or code for the account to quickly search and identify the account in system views.,5,,,,,
dataverseSource,main,accounts,accounts,accountratingcode,4,Picklist,Column,TRUE,INTEGER,Select a rating to indicate the value of the customer account.,6,,,,,
dataverseSource,main,accounts,accounts,accountratingcodename,12,Virtual,Column,TRUE,STRING,,7,TRUE,accountratingcode,NAME,,
dataverseSource,main,accounts,accounts,address1_addressid,1,Uniqueidentifier,Column,TRUE,STRING,Unique identifier for address 1.,8,,,ADDRESS,,
dataverseSource,main,accounts,accounts,address1_addresstypecode,4,Picklist,Column,TRUE,INTEGER,Select the primary address type.,9,,,ADDRESS,,
dataverseSource,main,accounts,accounts,address1_addresstypecodename,12,Virtual,Column,TRUE,STRING,,10,,address1_addresstypecode,ADDRESS,,
dataverseSource,main,accounts,accounts,address1_city,12,String,Column,TRUE,STRING,Type the city for the primary address.,11,,,ADDRESS,,
dataverseSource,main,accounts,accounts,address1_composite,12,Memo,Column,TRUE,STRING,Shows the complete primary address.,12,,,ADDRESS,,
dataverseSource,main,accounts,accounts,address1_country,12,String,Column,TRUE,STRING,Type the country or region for the primary address.,13,,,ADDRESS,,
dataverseSource,main,accounts,accounts,address1_county,12,String,Column,TRUE,STRING,Type the county for the primary address.,14,,,ADDRESS,,
dataverseSource,main,accounts,accounts,address1_fax,12,String,Column,TRUE,STRING,Type the fax number associated with the primary address.,15,,,ADDRESS,,
dataverseSource,main,accounts,accounts,address1_freighttermscode,4,Picklist,Column,TRUE,INTEGER,Select the freight terms for the primary address to make sure shipping orders are processed correctly.,16,,,ADDRESS,,
dataverseSource,main,accounts,accounts,address1_freighttermscodename,12,Virtual,Column,TRUE,STRING,,17,,address1_freighttermscode,ADDRESS,,
dataverseSource,main,accounts,accounts,address1_latitude,8,Double,Column,TRUE,REAL,Type the latitude value for the primary address for use in mapping and other applications.,18,,,ADDRESS,,
dataverseSource,main,accounts,accounts,address1_line1,12,String,Column,TRUE,STRING,Type the first line of the primary address.,19,,,ADDRESS,,
dataverseSource,main,accounts,accounts,address1_line2,12,String,Column,TRUE,STRING,Type the second line of the primary address.,20,,,ADDRESS,,
dataverseSource,main,accounts,accounts,address1_line3,12,String,Column,TRUE,STRING,Type the third line of the primary address.,21,,,ADDRESS,,
dataverseSource,main,accounts,accounts,address1_longitude,8,Double,Column,TRUE,REAL,Type the longitude value for the primary address for use in mapping and other applications.,22,,,ADDRESS,,
dataverseSource,main,accounts,accounts,address1_name,12,String,Column,TRUE,STRING,"Type a descriptive name for the primary address, such as Corporate Headquarters.",23,,,ADDRESS,,
dataverseSource,main,accounts,accounts,address1_postalcode,12,String,Column,TRUE,STRING,Type the ZIP Code or postal code for the primary address.,24,,,ADDRESS,,
dataverseSource,main,accounts,accounts,address1_postofficebox,12,String,Column,TRUE,STRING,Type the post office box number of the primary address.,25,,,ADDRESS,,
dataverseSource,main,accounts,accounts,address1_primarycontactname,12,String,Column,TRUE,STRING,Type the name of the main contact at the account's primary address.,26,,,ADDRESS,,
dataverseSource,main,accounts,accounts,address1_shippingmethodcode,4,Picklist,Column,TRUE,INTEGER,Select a shipping method for deliveries sent to this address.,27,,,ADDRESS,,
dataverseSource,main,accounts,accounts,address1_shippingmethodcodename,12,Virtual,Column,TRUE,STRING,,28,,address1_shippingmethodcode,ADDRESS,,
dataverseSource,main,accounts,accounts,address1_stateorprovince,12,String,Column,TRUE,STRING,Type the state or province of the primary address.,29,,,ADDRESS,,
dataverseSource,main,accounts,accounts,address1_telephone1,12,String,Column,TRUE,STRING,Type the main phone number associated with the primary address.,30,,,ADDRESS,,
dataverseSource,main,accounts,accounts,address1_telephone2,12,String,Column,TRUE,STRING,Type a second phone number associated with the primary address.,31,,,ADDRESS,,
dataverseSource,main,accounts,accounts,address1_telephone3,12,String,Column,TRUE,STRING,Type a third phone number associated with the primary address.,32,,,ADDRESS,,
dataverseSource,main,accounts,accounts,address1_upszone,12,String,Column,TRUE,STRING,"Type the UPS zone of the primary address to make sure shipping charges are calculated correctly and deliveries are made promptly, if shipped by UPS.",33,,,ADDRESS,,
dataverseSource,main,accounts,accounts,address1_utcoffset,12,Integer,Column,TRUE,STRING,"Select the time zone, or UTC offset, for this address so that other people can reference it when they contact someone at this address.",34,,,ADDRESS,,
dataverseSource,main,accounts,accounts,address2_addressid,1,Uniqueidentifier,Column,TRUE,STRING,Unique identifier for address 2.,35,,,ADDRESS,,
dataverseSource,main,accounts,accounts,address2_addresstypecode,4,Picklist,Column,TRUE,INTEGER,Select the secondary address type.,36,,,ADDRESS,,
dataverseSource,main,accounts,accounts,address2_addresstypecodename,12,Virtual,Column,TRUE,STRING,,37,,address2_addresstypecode,ADDRESS,,
dataverseSource,main,accounts,accounts,address2_city,12,String,Column,TRUE,STRING,Type the city for the secondary address.,38,,,ADDRESS,,
dataverseSource,main,accounts,accounts,address2_composite,12,Memo,Column,TRUE,STRING,Shows the complete secondary address.,39,,,ADDRESS,,
dataverseSource,main,accounts,accounts,address2_country,12,String,Column,TRUE,STRING,Type the country or region for the secondary address.,40,,,ADDRESS,,
dataverseSource,main,accounts,accounts,address2_county,12,String,Column,TRUE,STRING,Type the county for the secondary address.,41,,,ADDRESS,,
dataverseSource,main,accounts,accounts,address2_fax,12,String,Column,TRUE,STRING,Type the fax number associated with the secondary address.,42,,,ADDRESS,,
dataverseSource,main,accounts,accounts,address2_freighttermscode,4,Picklist,Column,TRUE,INTEGER,Select the freight terms for the secondary address to make sure shipping orders are processed correctly.,43,,,ADDRESS,,
dataverseSource,main,accounts,accounts,address2_freighttermscodename,12,Virtual,Column,TRUE,STRING,,44,,address2_freighttermscode,ADDRESS,,
dataverseSource,main,accounts,accounts,address2_latitude,8,Double,Column,TRUE,REAL,Type the latitude value for the secondary address for use in mapping and other applications.,45,,,ADDRESS,,
dataverseSource,main,accounts,accounts,address2_line1,12,String,Column,TRUE,STRING,Type the first line of the secondary address.,46,,,ADDRESS,,
dataverseSource,main,accounts,accounts,address2_line2,12,String,Column,TRUE,STRING,Type the second line of the secondary address.,47,,,ADDRESS,,
dataverseSource,main,accounts,accounts,address2_line3,12,String,Column,TRUE,STRING,Type the third line of the secondary address.,48,,,ADDRESS,,
dataverseSource,main,accounts,accounts,address2_longitude,8,Double,Column,TRUE,REAL,Type the longitude value for the secondary address for use in mapping and other applications.,49,,,ADDRESS,,
dataverseSource,main,accounts,accounts,address2_name,12,String,Column,TRUE,STRING,"Type a descriptive name for the secondary address, such as Corporate Headquarters.",50,,,ADDRESS,,
dataverseSource,main,accounts,accounts,address2_postalcode,12,String,Column,TRUE,STRING,Type the ZIP Code or postal code for the secondary address.,51,,,ADDRESS,,
dataverseSource,main,accounts,accounts,address2_postofficebox,12,String,Column,TRUE,STRING,Type the post office box number of the secondary address.,52,,,ADDRESS,,
dataverseSource,main,accounts,accounts,address2_primarycontactname,12,String,Column,TRUE,STRING,Type the name of the main contact at the account's secondary address.,53,,,ADDRESS,,
dataverseSource,main,accounts,accounts,address2_shippingmethodcode,4,Picklist,Column,TRUE,INTEGER,Select a shipping method for deliveries sent to this address.,54,,,ADDRESS,,
dataverseSource,main,accounts,accounts,address2_shippingmethodcodename,12,Virtual,Column,TRUE,STRING,,55,,address2_shippingmethodcode,ADDRESS,,
dataverseSource,main,accounts,accounts,address2_stateorprovince,12,String,Column,TRUE,STRING,Type the state or province of the secondary address.,56,,,ADDRESS,,
dataverseSource,main,accounts,accounts,address2_telephone1,12,String,Column,TRUE,STRING,Type the main phone number associated with the secondary address.,57,,,ADDRESS,,
dataverseSource,main,accounts,accounts,address2_telephone2,12,String,Column,TRUE,STRING,Type a second phone number associated with the secondary address.,58,,,ADDRESS,,
dataverseSource,main,accounts,accounts,address2_telephone3,12,String,Column,TRUE,STRING,Type a third phone number associated with the secondary address.,59,,,ADDRESS,,
dataverseSource,main,accounts,accounts,address2_upszone,12,String,Column,TRUE,STRING,"Type the UPS zone of the secondary address to make sure shipping charges are calculated correctly and deliveries are made promptly, if shipped by UPS.",60,,,ADDRESS,,
dataverseSource,main,accounts,accounts,address2_utcoffset,12,Integer,Column,TRUE,STRING,"Select the time zone, or UTC offset, for this address so that other people can reference it when they contact someone at this address.",61,,,ADDRESS,,
dataverseSource,main,accounts,accounts,adx_createdbyipaddress,12,String,Column,TRUE,STRING,,62,,,ADDRESS,,
dataverseSource,main,accounts,accounts,adx_createdbyusername,12,String,Column,TRUE,STRING,,63,TRUE,,NAME,,
dataverseSource,main,accounts,accounts,adx_modifiedbyipaddress,12,String,Column,TRUE,STRING,,64,,,ADDRESS,,
dataverseSource,main,accounts,accounts,adx_modifiedbyusername,12,String,Column,TRUE,STRING,,65,TRUE,,NAME,,
dataverseSource,main,accounts,accounts,aging30,3,Money,Column,TRUE,REAL,For system use only.,66,,,,,
dataverseSource,main,accounts,accounts,aging30_base,3,Money,Column,TRUE,REAL,The base currency equivalent of the aging 30 field.,67,,,,,
dataverseSource,main,accounts,accounts,aging60,3,Money,Column,TRUE,REAL,For system use only.,68,,,,,
dataverseSource,main,accounts,accounts,aging60_base,3,Money,Column,TRUE,REAL,The base currency equivalent of the aging 60 field.,69,,,,,
dataverseSource,main,accounts,accounts,aging90,3,Money,Column,TRUE,REAL,For system use only.,70,,,,,
dataverseSource,main,accounts,accounts,aging90_base,3,Money,Column,TRUE,REAL,The base currency equivalent of the aging 90 field.,71,,,,,
dataverseSource,main,accounts,accounts,businesstypecode,4,Picklist,Column,TRUE,INTEGER,Select the legal designation or other business type of the account for contracts or reporting purposes.,72,,,,,
dataverseSource,main,accounts,accounts,businesstypecodename,12,Virtual,Column,TRUE,STRING,,73,TRUE,businesstypecode,NAME,,
dataverseSource,main,accounts,accounts,createdby,12,Lookup,Column,TRUE,STRING,Shows who created the record.,74,,,,,
dataverseSource,main,accounts,accounts,createdbyexternalparty,12,Lookup,Column,TRUE,STRING,Shows the external party who created the record.,75,,,,,
dataverseSource,main,accounts,accounts,createdbyexternalpartyname,12,String,Column,TRUE,STRING,,76,TRUE,createdbyexternalparty,NAME,,
dataverseSource,main,accounts,accounts,createdbyexternalpartyyominame,12,String,Column,TRUE,STRING,,77,TRUE,createdbyexternalparty,NAME,,
dataverseSource,main,accounts,accounts,createdbyname,12,String,Column,TRUE,STRING,,78,TRUE,createdby,NAME,,
dataverseSource,main,accounts,accounts,createdbyyominame,12,String,Column,TRUE,STRING,,79,TRUE,createdby,NAME,,
dataverseSource,main,accounts,accounts,createdon,93,DateTime,Column,TRUE,DATETIME,Shows the date and time when the record was created. The date and time are displayed in the time zone selected in Microsoft Dynamics 365 options.,80,,,,,
dataverseSource,main,accounts,accounts,createdonbehalfby,12,Lookup,Column,TRUE,STRING,Shows who created the record on behalf of another user.,81,,,,,
dataverseSource,main,accounts,accounts,createdonbehalfbyname,12,String,Column,TRUE,STRING,,82,TRUE,createdonbehalfby,NAME,,
dataverseSource,main,accounts,accounts,createdonbehalfbyyominame,12,String,Column,TRUE,STRING,,83,TRUE,createdonbehalfby,NAME,,
dataverseSource,main,accounts,accounts,creditlimit,3,Money,Column,TRUE,REAL,Type the credit limit of the account. This is a useful reference when you address invoice and accounting issues with the customer.,84,,,,,
dataverseSource,main,accounts,accounts,creditlimit_base,3,Money,Column,TRUE,REAL,Shows the credit limit converted to the system's default base currency for reporting purposes.,85,,,,,
dataverseSource,main,accounts,accounts,creditonhold,16,Boolean,Column,TRUE,BOOLEAN,Select whether the credit for the account is on hold. This is a useful reference while addressing the invoice and accounting issues with the customer.,86,,,,,
dataverseSource,main,accounts,accounts,creditonholdname,12,Virtual,Column,TRUE,STRING,,87,TRUE,creditonhold,NAME,,
dataverseSource,main,accounts,accounts,customersizecode,4,Picklist,Column,TRUE,INTEGER,Select the size category or range of the account for segmentation and reporting purposes.,88,,,,,
dataverseSource,main,accounts,accounts,customersizecodename,12,Virtual,Column,TRUE,STRING,,89,TRUE,customersizecode,NAME,,
dataverseSource,main,accounts,accounts,customertypecode,4,Picklist,Column,TRUE,INTEGER,Select the category that best describes the relationship between the account and your organization.,90,,,,,
dataverseSource,main,accounts,accounts,customertypecodename,12,Virtual,Column,TRUE,STRING,,91,TRUE,customertypecode,NAME,,
dataverseSource,main,accounts,accounts,defaultpricelevelid,12,Lookup,Column,TRUE,STRING,"Choose the default price list associated with the account to make sure the correct product prices for this customer are applied in sales opportunities, quotes, and orders.",92,,,,,
dataverseSource,main,accounts,accounts,defaultpricelevelidname,12,String,Column,FALSE,STRING,,93,TRUE,defaultpricelevelid,NAME,,
dataverseSource,main,accounts,accounts,description,12,Memo,Column,TRUE,STRING,"Type additional information to describe the account, such as an excerpt from the company's website.",94,,,,,
dataverseSource,main,accounts,accounts,donotbulkemail,16,Boolean,Column,TRUE,BOOLEAN,"Select whether the account allows bulk email sent through campaigns. If Do Not Allow is selected, the account can be added to marketing lists, but is excluded from email.",95,,,,,
dataverseSource,main,accounts,accounts,donotbulkemailname,12,Virtual,Column,TRUE,STRING,,96,TRUE,donotbulkemail,NAME,,
dataverseSource,main,accounts,accounts,donotbulkpostalmail,16,Boolean,Column,TRUE,BOOLEAN,"Select whether the account allows bulk postal mail sent through marketing campaigns or quick campaigns. If Do Not Allow is selected, the account can be added to marketing lists, but will be excluded from the postal mail.",97,,,,,
dataverseSource,main,accounts,accounts,donotbulkpostalmailname,12,Virtual,Column,TRUE,STRING,,98,TRUE,donotbulkpostalmail,NAME,,
dataverseSource,main,accounts,accounts,donotemail,16,Boolean,Column,TRUE,BOOLEAN,Select whether the account allows direct email sent from Microsoft Dynamics 365.,99,,,,,
dataverseSource,main,accounts,accounts,donotemailname,12,Virtual,Column,TRUE,STRING,,100,TRUE,donotemail,NAME,,
dataverseSource,main,accounts,accounts,donotfax,16,Boolean,Column,TRUE,BOOLEAN,"Select whether the account allows faxes. If Do Not Allow is selected, the account will be excluded from fax activities distributed in marketing campaigns.",101,TRUE,,TELEPHONE_NUMBER,,
dataverseSource,main,accounts,accounts,donotfaxname,12,Virtual,Column,TRUE,STRING,,102,TRUE,donotfax,TELEPHONE_NUMBER,,
dataverseSource,main,accounts,accounts,donotphone,16,Boolean,Column,TRUE,BOOLEAN,"Select whether the account allows phone calls. If Do Not Allow is selected, the account will be excluded from phone call activities distributed in marketing campaigns.",103,TRUE,,TELEPHONE_NUMBER,,
dataverseSource,main,accounts,accounts,donotphonename,12,Virtual,Column,TRUE,STRING,,104,TRUE,donotphone,TELEPHONE_NUMBER,,
dataverseSource,main,accounts,accounts,donotpostalmail,16,Boolean,Column,TRUE,BOOLEAN,"Select whether the account allows direct mail. If Do Not Allow is selected, the account will be excluded from letter activities distributed in marketing campaigns.",105,,,,,
dataverseSource,main,accounts,accounts,donotpostalmailname,12,Virtual,Column,TRUE,STRING,,106,TRUE,donotpostalmail,NAME,,
dataverseSource,main,accounts,accounts,donotsendmarketingmaterialname,12,Virtual,Column,TRUE,STRING,,107,TRUE,donotsendmm,NAME,,
dataverseSource,main,accounts,accounts,donotsendmm,16,Boolean,Column,TRUE,BOOLEAN,"Select whether the account accepts marketing materials, such as brochures or catalogs.",108,,,,,
dataverseSource,main,accounts,accounts,emailaddress1,12,String,Column,TRUE,STRING,Type the primary email address for the account.,109,,,EMAIL,,
dataverseSource,main,accounts,accounts,emailaddress2,12,String,Column,TRUE,STRING,Type the secondary email address for the account.,110,,,EMAIL,,
dataverseSource,main,accounts,accounts,emailaddress3,12,String,Column,TRUE,STRING,Type an alternate email address for the account.,111,,,EMAIL,,
dataverseSource,main,accounts,accounts,entityimage,12,Virtual,Column,TRUE,STRING,Shows the default image for the record.,112,,entityimageid,,,
dataverseSource,main,accounts,accounts,entityimage_timestamp,-5,BigInt,Column,TRUE,INTEGER,,113,,entityimageid,,,
dataverseSource,main,accounts,accounts,entityimage_url,12,String,Column,TRUE,STRING,,114,,entityimageid,,,
dataverseSource,main,accounts,accounts,entityimageid,1,Uniqueidentifier,Column,TRUE,STRING,For internal use only.,115,,,,,
dataverseSource,main,accounts,accounts,exchangerate,3,Decimal,Column,TRUE,REAL,Shows the conversion rate of the record's currency. The exchange rate is used to convert all money fields in the record from the local currency to the system's default currency.,116,,,,,
dataverseSource,main,accounts,accounts,fax,12,String,Column,TRUE,STRING,Type the fax number for the account.,117,TRUE,,TELEPHONE_NUMBER,,
dataverseSource,main,accounts,accounts,followemail,16,Boolean,Column,TRUE,BOOLEAN,"Information about whether to allow following email activity like opens, attachment views and link clicks for emails sent to the account.",118,,,,,
dataverseSource,main,accounts,accounts,followemailname,12,Virtual,Column,TRUE,STRING,,119,TRUE,followemail,NAME,,
dataverseSource,main,accounts,accounts,ftpsiteurl,12,String,Column,TRUE,STRING,Type the URL for the account's FTP site to enable users to access data and share documents.,120,,,,,
dataverseSource,main,accounts,accounts,importsequencenumber,4,Integer,Column,TRUE,INTEGER,Unique identifier of the data import or data migration that created this record.,121,,,,,
dataverseSource,main,accounts,accounts,industrycode,4,Picklist,Column,TRUE,INTEGER,Select the account's primary industry for use in marketing segmentation and demographic analysis.,122,,,,,
dataverseSource,main,accounts,accounts,industrycodename,12,Virtual,Column,TRUE,STRING,,123,TRUE,industrycode,NAME,,
dataverseSource,main,accounts,accounts,isprivatename,12,Virtual,Column,TRUE,STRING,,124,TRUE,isprivate,NAME,,
dataverseSource,main,accounts,accounts,lastonholdtime,93,DateTime,Column,TRUE,DATETIME,Contains the date and time stamp of the last on hold time.,125,,,,,
dataverseSource,main,accounts,accounts,lastusedincampaign,91,DateTime,Column,TRUE,DATE,Shows the date when the account was last included in a marketing campaign or quick campaign.,126,,,,,
dataverseSource,main,accounts,accounts,marketcap,3,Money,Column,TRUE,REAL,"Type the market capitalization of the account to identify the company's equity, used as an indicator in financial performance analysis.",127,,,,,
dataverseSource,main,accounts,accounts,marketcap_base,3,Money,Column,TRUE,REAL,Shows the market capitalization converted to the system's default base currency.,128,,,,,
dataverseSource,main,accounts,accounts,marketingonly,16,Boolean,Column,TRUE,BOOLEAN,Whether is only for marketing,129,,,,,
dataverseSource,main,accounts,accounts,marketingonlyname,12,Virtual,Column,TRUE,STRING,,130,TRUE,marketingonly,MIDDLE_NAME,,
dataverseSource,main,accounts,accounts,masteraccountidname,12,String,Column,TRUE,STRING,,131,TRUE,masterid,MIDDLE_NAME,,
dataverseSource,main,accounts,accounts,masteraccountidyominame,12,String,Column,TRUE,STRING,,132,TRUE,masterid,MIDDLE_NAME,,
dataverseSource,main,accounts,accounts,masterid,12,Lookup,Column,TRUE,STRING,Shows the master account that the account was merged with.,133,,,,,
dataverseSource,main,accounts,accounts,merged,16,Boolean,Column,TRUE,BOOLEAN,Shows whether the account has been merged with another account.,134,,,,,
dataverseSource,main,accounts,accounts,mergedname,12,Virtual,Column,TRUE,STRING,,135,TRUE,merged,MIDDLE_NAME,,
dataverseSource,main,accounts,accounts,modifiedby,12,Lookup,Column,TRUE,STRING,Shows who last updated the record.,136,,,,,
dataverseSource,main,accounts,accounts,modifiedbyexternalparty,12,Lookup,Column,TRUE,STRING,Shows the external party who modified the record.,137,,,,,
dataverseSource,main,accounts,accounts,modifiedbyexternalpartyname,12,String,Column,TRUE,STRING,,138,TRUE,modifiedbyexternalparty,MIDDLE_NAME,,
dataverseSource,main,accounts,accounts,modifiedbyexternalpartyyominame,12,String,Column,TRUE,STRING,,139,TRUE,modifiedbyexternalparty,MIDDLE_NAME,,
dataverseSource,main,accounts,accounts,modifiedbyname,12,String,Column,TRUE,STRING,,140,TRUE,modifiedby,MIDDLE_NAME,,
dataverseSource,main,accounts,accounts,modifiedbyyominame,12,String,Column,TRUE,STRING,,141,TRUE,modifiedby,MIDDLE_NAME,,
dataverseSource,main,accounts,accounts,modifiedon,93,DateTime,Column,TRUE,DATETIME,Shows the date and time when the record was last updated. The date and time are displayed in the time zone selected in Microsoft Dynamics 365 options.,142,,,,,
dataverseSource,main,accounts,accounts,modifiedonbehalfby,12,Lookup,Column,TRUE,STRING,Shows who created the record on behalf of another user.,143,,,,,
dataverseSource,main,accounts,accounts,modifiedonbehalfbyname,12,String,Column,TRUE,STRING,,144,TRUE,modifiedonbehalfby,MIDDLE_NAME,,
dataverseSource,main,accounts,accounts,modifiedonbehalfbyyominame,12,String,Column,TRUE,STRING,,145,TRUE,modifiedonbehalfby,MIDDLE_NAME,,
dataverseSource,main,accounts,accounts,msa_managingpartnerid,12,Lookup,Column,TRUE,STRING,Unique identifier for Account associated with Account.,146,,,,,
dataverseSource,main,accounts,accounts,msa_managingpartneridname,12,String,Column,TRUE,STRING,,147,TRUE,msa_managingpartnerid,MIDDLE_NAME,,
dataverseSource,main,accounts,accounts,msa_managingpartneridyominame,12,String,Column,TRUE,STRING,,148,TRUE,msa_managingpartnerid,MIDDLE_NAME,,
dataverseSource,main,accounts,accounts,msdyn_accountkpiid,12,Lookup,Column,TRUE,STRING,,149,,,,,
dataverseSource,main,accounts,accounts,msdyn_accountkpiidname,12,String,Column,TRUE,STRING,,150,TRUE,msdyn_accountkpiid,MIDDLE_NAME,,
dataverseSource,main,accounts,accounts,msdyn_gdproptout,16,Boolean,Column,TRUE,BOOLEAN,Describes whether account is opted out or not,151,,,,,
dataverseSource,main,accounts,accounts,msdyn_gdproptoutname,12,Virtual,Column,TRUE,STRING,,152,TRUE,msdyn_gdproptout,MIDDLE_NAME,,
dataverseSource,main,accounts,accounts,msdyn_primarytimezone,12,Integer,Column,TRUE,STRING,Indicates the primary time zone that the client works on.,153,,,,,
dataverseSource,main,accounts,accounts,msdyn_salesaccelerationinsightid,12,Lookup,Column,TRUE,STRING,Sales Acceleration Insights ID,154,,,,,
dataverseSource,main,accounts,accounts,msdyn_salesaccelerationinsightidname,12,String,Column,TRUE,STRING,,155,TRUE,msdyn_salesaccelerationinsightid,MIDDLE_NAME,,
dataverseSource,main,accounts,accounts,msdyn_segmentid,12,Lookup,Column,TRUE,STRING,Unique identifier for Segment associated with account.,156,,,,,
dataverseSource,main,accounts,accounts,msdyn_segmentidname,12,String,Column,TRUE,STRING,,157,TRUE,msdyn_segmentid,MIDDLE_NAME,,
dataverseSource,main,accounts,accounts,name,12,String,Column,FALSE,STRING,Type the company or business name.,158,TRUE,,NAME,,
dataverseSource,main,accounts,accounts,numberofemployees,4,Integer,Column,TRUE,INTEGER,Type the number of employees that work at the account for use in marketing segmentation and demographic analysis.,159,,,,,
dataverseSource,main,accounts,accounts,onholdtime,4,Integer,Column,TRUE,INTEGER,"Shows how long, in minutes, that the record was on hold.",160,,,,,
dataverseSource,main,accounts,accounts,opendeals,4,Integer,Column,TRUE,INTEGER,Number of open opportunities against an account and its child accounts.,161,,,,,
dataverseSource,main,accounts,accounts,opendeals_date,93,DateTime,Column,TRUE,DATETIME,Last Updated time of rollup field Open Deals.,162,,,,,
dataverseSource,main,accounts,accounts,opendeals_state,4,Integer,Column,TRUE,INTEGER,State of rollup field Open Deals.,163,,,,,
dataverseSource,main,accounts,accounts,openrevenue,3,Money,Column,TRUE,REAL,Sum of open revenue against an account and its child accounts.,164,,,,,
dataverseSource,main,accounts,accounts,openrevenue_base,3,Money,Column,TRUE,REAL,Value of the Open Revenue in base currency.,165,,,,,
dataverseSource,main,accounts,accounts,openrevenue_date,93,DateTime,Column,TRUE,DATETIME,Last Updated time of rollup field Open Revenue.,166,,,,,
dataverseSource,main,accounts,accounts,openrevenue_state,4,Integer,Column,TRUE,INTEGER,State of rollup field Open Revenue.,167,,,,,
dataverseSource,main,accounts,accounts,originatingleadid,12,Lookup,Column,TRUE,STRING,Shows the lead that the account was created from if the account was created by converting a lead in Microsoft Dynamics 365. This is used to relate the account to data on the originating lead for use in reporting and analytics.,168,TRUE,,ORIGIN,,
dataverseSource,main,accounts,accounts,originatingleadidname,12,String,Column,TRUE,STRING,,169,TRUE,originatingleadid,NAME,,
dataverseSource,main,accounts,accounts,originatingleadidyominame,12,String,Column,TRUE,STRING,,170,TRUE,originatingleadid,NAME,,
dataverseSource,main,accounts,accounts,overriddencreatedon,91,DateTime,Column,TRUE,DATE,Date and time that the record was migrated.,171,,,,,
dataverseSource,main,accounts,accounts,ownerid,12,Owner,Column,FALSE,STRING,Enter the user or team who is assigned to manage the record. This field is updated every time the record is assigned to a different user.,172,TRUE,,OWNER,,
dataverseSource,main,accounts,accounts,owneridname,12,String,Column,FALSE,STRING,,173,TRUE,ownerid,OWNER,,
dataverseSource,main,accounts,accounts,owneridtype,12,EntityName,Column,FALSE,STRING,,174,TRUE,ownerid,OWNER,,
dataverseSource,main,accounts,accounts,owneridyominame,12,String,Column,FALSE,STRING,,175,TRUE,ownerid,OWNER,,
dataverseSource,main,accounts,accounts,ownershipcode,4,Picklist,Column,TRUE,INTEGER,"Select the account's ownership structure, such as public or private.",176,,,OWNER,,
dataverseSource,main,accounts,accounts,ownershipcodename,12,Virtual,Column,TRUE,STRING,,177,TRUE,ownershipcode,OWNER,,
dataverseSource,main,accounts,accounts,owningbusinessunit,12,Lookup,Column,TRUE,STRING,Shows the business unit that the record owner belongs to.,178,,,,,
dataverseSource,main,accounts,accounts,owningbusinessunitname,12,String,Column,TRUE,STRING,,179,TRUE,owningbusinessunit,NAME,,
dataverseSource,main,accounts,accounts,owningteam,12,Lookup,Column,TRUE,STRING,Unique identifier of the team who owns the account.,180,,,,,
dataverseSource,main,accounts,accounts,owninguser,12,Lookup,Column,TRUE,STRING,Unique identifier of the user who owns the account.,181,,,,,
dataverseSource,main,accounts,accounts,parentaccountid,12,Lookup,Column,TRUE,STRING,Choose the parent account associated with this account to show parent and child businesses in reporting and analytics.,182,,,,,
dataverseSource,main,accounts,accounts,parentaccountidname,12,String,Column,TRUE,STRING,,183,TRUE,parentaccountid,NAME,,
dataverseSource,main,accounts,accounts,parentaccountidyominame,12,String,Column,TRUE,STRING,,184,TRUE,parentaccountid,NAME,,
dataverseSource,main,accounts,accounts,participatesinworkflow,16,Boolean,Column,TRUE,BOOLEAN,For system use only. Legacy Microsoft Dynamics CRM 3.0 workflow data.,185,,,,,
dataverseSource,main,accounts,accounts,participatesinworkflowname,12,Virtual,Column,TRUE,STRING,,186,TRUE,participatesinworkflow,NAME,,
dataverseSource,main,accounts,accounts,paymenttermscode,4,Picklist,Column,TRUE,INTEGER,Select the payment terms to indicate when the customer needs to pay the total amount.,187,,,PAYMENT_CODE,,
dataverseSource,main,accounts,accounts,paymenttermscodename,12,Virtual,Column,TRUE,STRING,,188,TRUE,paymenttermscode,NAME,,
dataverseSource,main,accounts,accounts,preferredappointmentdaycode,4,Picklist,Column,TRUE,INTEGER,Select the preferred day of the week for service appointments.,189,,,,,
dataverseSource,main,accounts,accounts,preferredappointmentdaycodename,12,Virtual,Column,TRUE,STRING,,190,TRUE,preferredappointmentdaycode,NAME,,
dataverseSource,main,accounts,accounts,preferredappointmenttimecode,4,Picklist,Column,TRUE,INTEGER,Select the preferred time of day for service appointments.,191,,,,,
dataverseSource,main,accounts,accounts,preferredappointmenttimecodename,12,Virtual,Column,TRUE,STRING,,192,TRUE,preferredappointmenttimecode,NAME,,
dataverseSource,main,accounts,accounts,preferredcontactmethodcode,4,Picklist,Column,TRUE,INTEGER,Select the preferred method of contact.,193,,,,,
dataverseSource,main,accounts,accounts,preferredcontactmethodcodename,12,Virtual,Column,TRUE,STRING,,194,TRUE,preferredcontactmethodcode,NAME,,
dataverseSource,main,accounts,accounts,preferredequipmentid,12,Lookup,Column,TRUE,STRING,Choose the account's preferred service facility or equipment to make sure services are scheduled correctly for the customer.,195,,,,,
dataverseSource,main,accounts,accounts,preferredequipmentidname,12,String,Column,FALSE,STRING,,196,TRUE,preferredequipmentid,NAME,,
dataverseSource,main,accounts,accounts,preferredserviceid,12,Lookup,Column,TRUE,STRING,Choose the account's preferred service for reference when you schedule service activities.,197,,,,,
dataverseSource,main,accounts,accounts,preferredserviceidname,12,String,Column,FALSE,STRING,,198,TRUE,preferredserviceid,NAME,,
dataverseSource,main,accounts,accounts,preferredsystemuserid,12,Lookup,Column,TRUE,STRING,Choose the preferred service representative for reference when you schedule service activities for the account.,199,,,,,
dataverseSource,main,accounts,accounts,preferredsystemuseridname,12,String,Column,TRUE,STRING,,200,TRUE,preferredsystemuserid,NAME,,
dataverseSource,main,accounts,accounts,preferredsystemuseridyominame,12,String,Column,TRUE,STRING,,201,TRUE,preferredsystemuserid,NAME,,
dataverseSource,main,accounts,accounts,primarycontactid,12,Lookup,Column,TRUE,STRING,Choose the primary contact for the account to provide quick access to contact details.,202,,,,,
dataverseSource,main,accounts,accounts,primarycontactidname,12,String,Column,TRUE,STRING,,203,TRUE,primarycontactid,NAME,,
dataverseSource,main,accounts,accounts,primarycontactidyominame,12,String,Column,TRUE,STRING,,204,TRUE,primarycontactid,NAME,,
dataverseSource,main,accounts,accounts,primarysatoriid,12,String,Column,TRUE,STRING,Primary Satori ID for Account,205,,,,,
dataverseSource,main,accounts,accounts,primarytwitterid,12,String,Column,TRUE,STRING,Primary Twitter ID for Account,206,,,,,
dataverseSource,main,accounts,accounts,processid,1,Uniqueidentifier,Column,TRUE,STRING,Shows the ID of the process.,207,,,,,
dataverseSource,main,accounts,accounts,revenue,3,Money,Column,TRUE,REAL,"Type the annual revenue for the account, used as an indicator in financial performance analysis.",208,,,,,
dataverseSource,main,accounts,accounts,revenue_base,3,Money,Column,TRUE,REAL,Shows the annual revenue converted to the system's default base currency. The calculations use the exchange rate specified in the Currencies area.,209,,,,,
dataverseSource,main,accounts,accounts,sharesoutstanding,4,Integer,Column,TRUE,INTEGER,Type the number of shares available to the public for the account. This number is used as an indicator in financial performance analysis.,210,,,,,
dataverseSource,main,accounts,accounts,shippingmethodcode,4,Picklist,Column,TRUE,INTEGER,Select a shipping method for deliveries sent to the account's address to designate the preferred carrier or other delivery option.,211,,,,,
dataverseSource,main,accounts,accounts,shippingmethodcodename,12,Virtual,Column,TRUE,STRING,,212,TRUE,shippingmethodcode,NAME,,
dataverseSource,main,accounts,accounts,sic,12,String,Column,TRUE,STRING,"Type the Standard Industrial Classification (SIC) code that indicates the account's primary industry of business, for use in marketing segmentation and demographic analysis.",213,,,,,
dataverseSource,main,accounts,accounts,slaid,12,Lookup,Column,TRUE,STRING,Choose the service level agreement (SLA) that you want to apply to the Account record.,214,,,,,
dataverseSource,main,accounts,accounts,slainvokedid,12,Lookup,Column,TRUE,STRING,Last SLA that was applied to this case. This field is for internal use only.,215,,,,,
dataverseSource,main,accounts,accounts,slainvokedidname,12,String,Column,TRUE,STRING,,216,TRUE,slainvokedid,NAME,,
dataverseSource,main,accounts,accounts,slaname,12,String,Column,TRUE,STRING,,217,TRUE,slaid,NAME,,
dataverseSource,main,accounts,accounts,stageid,1,Uniqueidentifier,Column,TRUE,STRING,Shows the ID of the stage.,218,,,,,
dataverseSource,main,accounts,accounts,statecode,4,State,Column,FALSE,INTEGER,Shows whether the account is active or inactive. Inactive accounts are read-only and can't be edited unless they are reactivated.,219,,,STATE,,
dataverseSource,main,accounts,accounts,statecodename,12,Virtual,Column,TRUE,STRING,,220,TRUE,statecode,STATE,,
dataverseSource,main,accounts,accounts,statuscode,4,Status,Column,TRUE,INTEGER,Select the account's status.,221,,,,,
dataverseSource,main,accounts,accounts,statuscodename,12,Virtual,Column,TRUE,STRING,,222,TRUE,statuscode,NAME,,
dataverseSource,main,accounts,accounts,stockexchange,12,String,Column,TRUE,STRING,Type the stock exchange at which the account is listed to track their stock and financial performance of the company.,223,,,,,
dataverseSource,main,accounts,accounts,teamsfollowed,4,Integer,Column,TRUE,INTEGER,Number of users or conversations followed the record,224,,,,,
dataverseSource,main,accounts,accounts,telephone1,12,String,Column,TRUE,STRING,Type the main phone number for this account.,225,TRUE,,TELEPHONE_NUMBER,,
dataverseSource,main,accounts,accounts,telephone2,12,String,Column,TRUE,STRING,Type a second phone number for this account.,226,TRUE,,TELEPHONE_NUMBER,,
dataverseSource,main,accounts,accounts,telephone3,12,String,Column,TRUE,STRING,Type a third phone number for this account.,227,TRUE,,TELEPHONE_NUMBER,,
dataverseSource,main,accounts,accounts,territorycode,4,Picklist,Column,TRUE,INTEGER,Select a region or territory for the account for use in segmentation and analysis.,228,,,,,
dataverseSource,main,accounts,accounts,territorycodename,12,Virtual,Column,TRUE,STRING,,229,TRUE,territorycode,NAME,,
dataverseSource,main,accounts,accounts,territoryid,12,Lookup,Column,TRUE,STRING,Choose the sales region or territory for the account to make sure the account is assigned to the correct representative and for use in segmentation and analysis.,230,,,,,
dataverseSource,main,accounts,accounts,territoryidname,12,String,Column,FALSE,STRING,,231,TRUE,territoryid,NAME,,
dataverseSource,main,accounts,accounts,tickersymbol,12,String,Column,TRUE,STRING,Type the stock exchange symbol for the account to track financial performance of the company. You can click the code entered in this field to access the latest trading information from MSN Money.,232,,,,,
dataverseSource,main,accounts,accounts,timespentbymeonemailandmeetings,12,String,Column,TRUE,STRING,Total time spent for emails (read and write) and meetings by me in relation to account record.,233,,,,,
dataverseSource,main,accounts,accounts,timezoneruleversionnumber,4,Integer,Column,TRUE,INTEGER,For internal use only.,234,,,,,
dataverseSource,main,accounts,accounts,transactioncurrencyid,12,Lookup,Column,TRUE,STRING,Choose the local currency for the record to make sure budgets are reported in the correct currency.,235,,,,,
dataverseSource,main,accounts,accounts,transactioncurrencyidname,12,String,Column,TRUE,STRING,,236,TRUE,transactioncurrencyid,NAME,,
dataverseSource,main,accounts,accounts,traversedpath,12,String,Column,TRUE,STRING,For internal use only.,237,,,,,
dataverseSource,main,accounts,accounts,utcconversiontimezonecode,4,Integer,Column,TRUE,INTEGER,Time zone code that was in use when the record was created.,238,,,,,
dataverseSource,main,accounts,accounts,versionnumber,-5,BigInt,Column,TRUE,INTEGER,Version number of the account.,239,,,,,
dataverseSource,main,accounts,accounts,websiteurl,12,String,Column,TRUE,STRING,Type the account's website URL to get quick details about the company profile.,240,,,,,
dataverseSource,main,accounts,accounts,yominame,12,String,Column,TRUE,STRING,"Type the phonetic spelling of the company name, if specified in Japanese, to make sure the name is pronounced correctly in phone calls and other communications.",241,TRUE,,NAME,,
dataverseSource,main,contacts,contacts,accountid,12,Lookup,Column,TRUE,STRING,Unique identifier of the account with which the contact is associated.,0,,,,,
dataverseSource,main,contacts,contacts,accountidname,12,String,Column,TRUE,STRING,,1,TRUE,accountid,NAME,,
dataverseSource,main,contacts,contacts,accountidyominame,12,String,Column,TRUE,STRING,,2,TRUE,accountid,NAME,,
dataverseSource,main,contacts,contacts,accountrolecode,4,Picklist,Column,TRUE,INTEGER,"Select the contact's role within the company or sales process, such as decision maker, employee, or influencer.",3,,,,,
dataverseSource,main,contacts,contacts,accountrolecodename,12,Virtual,Column,TRUE,STRING,,4,TRUE,accountrolecode,NAME,,
dataverseSource,main,contacts,contacts,address1_addressid,1,Uniqueidentifier,Column,TRUE,STRING,Unique identifier for address 1.,5,,,ADDRESS,,
dataverseSource,main,contacts,contacts,address1_addresstypecode,4,Picklist,Column,TRUE,INTEGER,Select the primary address type.,6,,,ADDRESS,,
dataverseSource,main,contacts,contacts,address1_addresstypecodename,12,Virtual,Column,TRUE,STRING,,7,,address1_addresstypecode,ADDRESS,,
dataverseSource,main,contacts,contacts,address1_city,12,String,Column,TRUE,STRING,Type the city for the primary address.,8,,,ADDRESS,,
dataverseSource,main,contacts,contacts,address1_composite,12,Memo,Column,TRUE,STRING,Shows the complete primary address.,9,,,ADDRESS,,
dataverseSource,main,contacts,contacts,address1_country,12,String,Column,TRUE,STRING,Type the country or region for the primary address.,10,,,ADDRESS,,
dataverseSource,main,contacts,contacts,address1_county,12,String,Column,TRUE,STRING,Type the county for the primary address.,11,,,ADDRESS,,
dataverseSource,main,contacts,contacts,address1_fax,12,String,Column,TRUE,STRING,Type the fax number associated with the primary address.,12,,,ADDRESS,,
dataverseSource,main,contacts,contacts,address1_freighttermscode,4,Picklist,Column,TRUE,INTEGER,Select the freight terms for the primary address to make sure shipping orders are processed correctly.,13,,,ADDRESS,,
dataverseSource,main,contacts,contacts,address1_freighttermscodename,12,Virtual,Column,TRUE,STRING,,14,,address1_freighttermscode,ADDRESS,,
dataverseSource,main,contacts,contacts,address1_latitude,8,Double,Column,TRUE,REAL,Type the latitude value for the primary address for use in mapping and other applications.,15,,,ADDRESS,,
dataverseSource,main,contacts,contacts,address1_line1,12,String,Column,TRUE,STRING,Type the first line of the primary address.,16,,,ADDRESS,,
dataverseSource,main,contacts,contacts,address1_line2,12,String,Column,TRUE,STRING,Type the second line of the primary address.,17,,,ADDRESS,,
dataverseSource,main,contacts,contacts,address1_line3,12,String,Column,TRUE,STRING,Type the third line of the primary address.,18,,,ADDRESS,,
dataverseSource,main,contacts,contacts,address1_longitude,8,Double,Column,TRUE,REAL,Type the longitude value for the primary address for use in mapping and other applications.,19,,,ADDRESS,,
dataverseSource,main,contacts,contacts,address1_name,12,String,Column,TRUE,STRING,"Type a descriptive name for the primary address, such as Corporate Headquarters.",20,,,ADDRESS,,
dataverseSource,main,contacts,contacts,address1_postalcode,12,String,Column,TRUE,STRING,Type the ZIP Code or postal code for the primary address.,21,,,ADDRESS,,
dataverseSource,main,contacts,contacts,address1_postofficebox,12,String,Column,TRUE,STRING,Type the post office box number of the primary address.,22,,,ADDRESS,,
dataverseSource,main,contacts,contacts,address1_primarycontactname,12,String,Column,TRUE,STRING,Type the name of the main contact at the account's primary address.,23,,,ADDRESS,,
dataverseSource,main,contacts,contacts,address1_shippingmethodcode,4,Picklist,Column,TRUE,INTEGER,Select a shipping method for deliveries sent to this address.,24,,,ADDRESS,,
dataverseSource,main,contacts,contacts,address1_shippingmethodcodename,12,Virtual,Column,TRUE,STRING,,25,,address1_shippingmethodcode,ADDRESS,,
dataverseSource,main,contacts,contacts,address1_stateorprovince,12,String,Column,TRUE,STRING,Type the state or province of the primary address.,26,,,ADDRESS,,
dataverseSource,main,contacts,contacts,address1_telephone1,12,String,Column,TRUE,STRING,Type the main phone number associated with the primary address.,27,,,ADDRESS,,
dataverseSource,main,contacts,contacts,address1_telephone2,12,String,Column,TRUE,STRING,Type a second phone number associated with the primary address.,28,,,ADDRESS,,
dataverseSource,main,contacts,contacts,address1_telephone3,12,String,Column,TRUE,STRING,Type a third phone number associated with the primary address.,29,,,ADDRESS,,
dataverseSource,main,contacts,contacts,address1_upszone,12,String,Column,TRUE,STRING,"Type the UPS zone of the primary address to make sure shipping charges are calculated correctly and deliveries are made promptly, if shipped by UPS.",30,,,ADDRESS,,
dataverseSource,main,contacts,contacts,address1_utcoffset,12,Integer,Column,TRUE,STRING,"Select the time zone, or UTC offset, for this address so that other people can reference it when they contact someone at this address.",31,,,ADDRESS,,
dataverseSource,main,contacts,contacts,address2_addressid,1,Uniqueidentifier,Column,TRUE,STRING,Unique identifier for address 2.,32,,,ADDRESS,,
dataverseSource,main,contacts,contacts,address2_addresstypecode,4,Picklist,Column,TRUE,INTEGER,Select the secondary address type.,33,,,ADDRESS,,
dataverseSource,main,contacts,contacts,address2_addresstypecodename,12,Virtual,Column,TRUE,STRING,,34,,address2_addresstypecode,ADDRESS,,
dataverseSource,main,contacts,contacts,address2_city,12,String,Column,TRUE,STRING,Type the city for the secondary address.,35,,,ADDRESS,,
dataverseSource,main,contacts,contacts,address2_composite,12,Memo,Column,TRUE,STRING,Shows the complete secondary address.,36,,,ADDRESS,,
dataverseSource,main,contacts,contacts,address2_country,12,String,Column,TRUE,STRING,Type the country or region for the secondary address.,37,,,ADDRESS,,
dataverseSource,main,contacts,contacts,address2_county,12,String,Column,TRUE,STRING,Type the county for the secondary address.,38,,,ADDRESS,,
dataverseSource,main,contacts,contacts,address2_fax,12,String,Column,TRUE,STRING,Type the fax number associated with the secondary address.,39,,,ADDRESS,,
dataverseSource,main,contacts,contacts,address2_freighttermscode,4,Picklist,Column,TRUE,INTEGER,Select the freight terms for the secondary address to make sure shipping orders are processed correctly.,40,,,ADDRESS,,
dataverseSource,main,contacts,contacts,address2_freighttermscodename,12,Virtual,Column,TRUE,STRING,,41,,address2_freighttermscode,ADDRESS,,
dataverseSource,main,contacts,contacts,address2_latitude,8,Double,Column,TRUE,REAL,Type the latitude value for the secondary address for use in mapping and other applications.,42,,,ADDRESS,,
dataverseSource,main,contacts,contacts,address2_line1,12,String,Column,TRUE,STRING,Type the first line of the secondary address.,43,,,ADDRESS,,
dataverseSource,main,contacts,contacts,address2_line2,12,String,Column,TRUE,STRING,Type the second line of the secondary address.,44,,,ADDRESS,,
dataverseSource,main,contacts,contacts,address2_line3,12,String,Column,TRUE,STRING,Type the third line of the secondary address.,45,,,ADDRESS,,
dataverseSource,main,contacts,contacts,address2_longitude,8,Double,Column,TRUE,REAL,Type the longitude value for the secondary address for use in mapping and other applications.,46,,,ADDRESS,,
dataverseSource,main,contacts,contacts,address2_name,12,String,Column,TRUE,STRING,"Type a descriptive name for the secondary address, such as Corporate Headquarters.",47,,,ADDRESS,,
dataverseSource,main,contacts,contacts,address2_postalcode,12,String,Column,TRUE,STRING,Type the ZIP Code or postal code for the secondary address.,48,,,ADDRESS,,
dataverseSource,main,contacts,contacts,address2_postofficebox,12,String,Column,TRUE,STRING,Type the post office box number of the secondary address.,49,,,ADDRESS,,
dataverseSource,main,contacts,contacts,address2_primarycontactname,12,String,Column,TRUE,STRING,Type the name of the main contact at the account's secondary address.,50,,,ADDRESS,,
dataverseSource,main,contacts,contacts,address2_shippingmethodcode,4,Picklist,Column,TRUE,INTEGER,Select a shipping method for deliveries sent to this address.,51,,,ADDRESS,,
dataverseSource,main,contacts,contacts,address2_shippingmethodcodename,12,Virtual,Column,TRUE,STRING,,52,,address2_shippingmethodcode,ADDRESS,,
dataverseSource,main,contacts,contacts,address2_stateorprovince,12,String,Column,TRUE,STRING,Type the state or province of the secondary address.,53,,,ADDRESS,,
dataverseSource,main,contacts,contacts,address2_telephone1,12,String,Column,TRUE,STRING,Type the main phone number associated with the secondary address.,54,,,ADDRESS,,
dataverseSource,main,contacts,contacts,address2_telephone2,12,String,Column,TRUE,STRING,Type a second phone number associated with the secondary address.,55,,,ADDRESS,,
dataverseSource,main,contacts,contacts,address2_telephone3,12,String,Column,TRUE,STRING,Type a third phone number associated with the secondary address.,56,,,ADDRESS,,
dataverseSource,main,contacts,contacts,address2_upszone,12,String,Column,TRUE,STRING,"Type the UPS zone of the secondary address to make sure shipping charges are calculated correctly and deliveries are made promptly, if shipped by UPS.",57,,,ADDRESS,,
dataverseSource,main,contacts,contacts,address2_utcoffset,12,Integer,Column,TRUE,STRING,"Select the time zone, or UTC offset, for this address so that other people can reference it when they contact someone at this address.",58,,,ADDRESS,,
dataverseSource,main,contacts,contacts,address3_addressid,1,Uniqueidentifier,Column,TRUE,STRING,Unique identifier for address 3.,59,,,ADDRESS,,
dataverseSource,main,contacts,contacts,address3_addresstypecode,4,Picklist,Column,TRUE,INTEGER,Select the third address type.,60,,,ADDRESS,,
dataverseSource,main,contacts,contacts,address3_addresstypecodename,12,Virtual,Column,TRUE,STRING,,61,,address3_addresstypecode,ADDRESS,,
dataverseSource,main,contacts,contacts,address3_city,12,String,Column,TRUE,STRING,Type the city for the 3rd address.,62,,,ADDRESS,,
dataverseSource,main,contacts,contacts,address3_composite,12,Memo,Column,TRUE,STRING,Shows the complete third address.,63,,,ADDRESS,,
dataverseSource,main,contacts,contacts,address3_country,12,String,Column,TRUE,STRING,the country or region for the 3rd address.,64,,,ADDRESS,,
dataverseSource,main,contacts,contacts,address3_county,12,String,Column,TRUE,STRING,Type the county for the third address.,65,,,ADDRESS,,
dataverseSource,main,contacts,contacts,address3_fax,12,String,Column,TRUE,STRING,Type the fax number associated with the third address.,66,,,ADDRESS,,
dataverseSource,main,contacts,contacts,address3_freighttermscode,4,Picklist,Column,TRUE,INTEGER,Select the freight terms for the third address to make sure shipping orders are processed correctly.,67,,,ADDRESS,,
dataverseSource,main,contacts,contacts,address3_freighttermscodename,12,Virtual,Column,TRUE,STRING,,68,,address3_freighttermscode,ADDRESS,,
dataverseSource,main,contacts,contacts,address3_latitude,8,Double,Column,TRUE,REAL,Type the latitude value for the third address for use in mapping and other applications.,69,,,ADDRESS,,
dataverseSource,main,contacts,contacts,address3_line1,12,String,Column,TRUE,STRING,the first line of the 3rd address.,70,,,ADDRESS,,
dataverseSource,main,contacts,contacts,address3_line2,12,String,Column,TRUE,STRING,the second line of the 3rd address.,71,,,ADDRESS,,
dataverseSource,main,contacts,contacts,address3_line3,12,String,Column,TRUE,STRING,the third line of the 3rd address.,72,,,ADDRESS,,
dataverseSource,main,contacts,contacts,address3_longitude,8,Double,Column,TRUE,REAL,Type the longitude value for the third address for use in mapping and other applications.,73,,,ADDRESS,,
dataverseSource,main,contacts,contacts,address3_name,12,String,Column,TRUE,STRING,"Type a descriptive name for the third address, such as Corporate Headquarters.",74,,,ADDRESS,,
dataverseSource,main,contacts,contacts,address3_postalcode,12,String,Column,TRUE,STRING,the ZIP Code or postal code for the 3rd address.,75,,,ADDRESS,,
dataverseSource,main,contacts,contacts,address3_postofficebox,12,String,Column,TRUE,STRING,the post office box number of the 3rd address.,76,,,ADDRESS,,
dataverseSource,main,contacts,contacts,address3_primarycontactname,12,String,Column,TRUE,STRING,Type the name of the main contact at the account's third address.,77,,,ADDRESS,,
dataverseSource,main,contacts,contacts,address3_shippingmethodcode,4,Picklist,Column,TRUE,INTEGER,Select a shipping method for deliveries sent to this address.,78,,,ADDRESS,,
dataverseSource,main,contacts,contacts,address3_shippingmethodcodename,12,Virtual,Column,TRUE,STRING,,79,,address3_shippingmethodcode,ADDRESS,,
dataverseSource,main,contacts,contacts,address3_stateorprovince,12,String,Column,TRUE,STRING,the state or province of the third address.,80,,,ADDRESS,,
dataverseSource,main,contacts,contacts,address3_telephone1,12,String,Column,TRUE,STRING,Type the main phone number associated with the third address.,81,,,ADDRESS,,
dataverseSource,main,contacts,contacts,address3_telephone2,12,String,Column,TRUE,STRING,Type a second phone number associated with the third address.,82,,,ADDRESS,,
dataverseSource,main,contacts,contacts,address3_telephone3,12,String,Column,TRUE,STRING,Type a third phone number associated with the primary address.,83,,,ADDRESS,,
dataverseSource,main,contacts,contacts,address3_upszone,12,String,Column,TRUE,STRING,"Type the UPS zone of the third address to make sure shipping charges are calculated correctly and deliveries are made promptly, if shipped by UPS.",84,,,ADDRESS,,
dataverseSource,main,contacts,contacts,address3_utcoffset,12,Integer,Column,TRUE,STRING,"Select the time zone, or UTC offset, for this address so that other people can reference it when they contact someone at this address.",85,,,ADDRESS,,
dataverseSource,main,contacts,contacts,adx_confirmremovepassword,16,Boolean,Column,TRUE,BOOLEAN,,86,,,,,
dataverseSource,main,contacts,contacts,adx_confirmremovepasswordname,12,Virtual,Column,TRUE,STRING,,87,TRUE,adx_confirmremovepassword,NAME,,
dataverseSource,main,contacts,contacts,adx_createdbyipaddress,12,String,Column,TRUE,STRING,,88,,,ADDRESS,,
dataverseSource,main,contacts,contacts,adx_createdbyusername,12,String,Column,TRUE,STRING,,89,TRUE,,NAME,,
dataverseSource,main,contacts,contacts,adx_identity_accessfailedcount,4,Integer,Column,TRUE,INTEGER,Shows the current count of failed password attempts for the contact.,90,,,,,
dataverseSource,main,contacts,contacts,adx_identity_emailaddress1confirmed,16,Boolean,Column,TRUE,BOOLEAN,Determines if the email is confirmed by the contact.,91,,,ADDRESS,,
dataverseSource,main,contacts,contacts,adx_identity_emailaddress1confirmedname,12,Virtual,Column,TRUE,STRING,,92,,adx_identity_emailaddress1confirmed,ADDRESS,,
dataverseSource,main,contacts,contacts,adx_identity_lastsuccessfullogin,93,DateTime,Column,TRUE,DATETIME,Indicates the last date and time the user successfully signed in to a portal.,93,,,,,
dataverseSource,main,contacts,contacts,adx_identity_locallogindisabled,16,Boolean,Column,TRUE,BOOLEAN,Indicates that the contact can no longer sign in to the portal using the local account.,94,,,,,
dataverseSource,main,contacts,contacts,adx_identity_locallogindisabledname,12,Virtual,Column,TRUE,STRING,,95,TRUE,adx_identity_locallogindisabled,NAME,,
dataverseSource,main,contacts,contacts,adx_identity_lockoutenabled,16,Boolean,Column,TRUE,BOOLEAN,"Determines if this contact will track failed access attempts and become locked after too many failed attempts. To prevent the contact from becoming locked, you can disable this setting.",96,,,,,
dataverseSource,main,contacts,contacts,adx_identity_lockoutenabledname,12,Virtual,Column,TRUE,STRING,,97,TRUE,adx_identity_lockoutenabled,NAME,,
dataverseSource,main,contacts,contacts,adx_identity_lockoutenddate,93,DateTime,Column,TRUE,DATETIME,Shows the moment in time when the locked contact becomes unlocked again.,98,,,,,
dataverseSource,main,contacts,contacts,adx_identity_logonenabled,16,Boolean,Column,TRUE,BOOLEAN,Determines if web authentication is enabled for the contact.,99,,,,,
dataverseSource,main,contacts,contacts,adx_identity_logonenabledname,12,Virtual,Column,TRUE,STRING,,100,TRUE,adx_identity_logonenabled,NAME,,
dataverseSource,main,contacts,contacts,adx_identity_mobilephoneconfirmed,16,Boolean,Column,TRUE,BOOLEAN,Determines if the phone number is confirmed by the contact.,101,TRUE,,TELEPHONE_NUMBER,,
dataverseSource,main,contacts,contacts,adx_identity_mobilephoneconfirmedname,12,Virtual,Column,TRUE,STRING,,102,TRUE,adx_identity_mobilephoneconfirmed,TELEPHONE_NUMBER,,
dataverseSource,main,contacts,contacts,adx_identity_newpassword,12,String,Column,TRUE,STRING,,103,,,,,
dataverseSource,main,contacts,contacts,adx_identity_passwordhash,12,String,Column,TRUE,STRING,,104,,,,,
dataverseSource,main,contacts,contacts,adx_identity_securitystamp,12,String,Column,TRUE,STRING,A token used to manage the web authentication session.,105,,,,,
dataverseSource,main,contacts,contacts,adx_identity_twofactorenabled,16,Boolean,Column,TRUE,BOOLEAN,Determines if two-factor authentication is enabled for the contact.,106,,,,,
dataverseSource,main,contacts,contacts,adx_identity_twofactorenabledname,12,Virtual,Column,TRUE,STRING,,107,TRUE,adx_identity_twofactorenabled,NAME,,
dataverseSource,main,contacts,contacts,adx_identity_username,12,String,Column,TRUE,STRING,Shows the user identity for local web authentication.,108,TRUE,,NAME,,
dataverseSource,main,contacts,contacts,adx_modifiedbyipaddress,12,String,Column,TRUE,STRING,,109,,,ADDRESS,,
dataverseSource,main,contacts,contacts,adx_modifiedbyusername,12,String,Column,TRUE,STRING,,110,TRUE,,NAME,,
dataverseSource,main,contacts,contacts,adx_organizationname,12,String,Column,TRUE,STRING,,111,TRUE,,NAME,,
dataverseSource,main,contacts,contacts,adx_preferredlcid,4,Integer,Column,TRUE,INTEGER,User’s preferred portal LCID,112,,,,,
dataverseSource,main,contacts,contacts,adx_profilealert,16,Boolean,Column,TRUE,BOOLEAN,,113,,,,,
dataverseSource,main,contacts,contacts,adx_profilealertdate,93,DateTime,Column,TRUE,DATETIME,,114,,,,,
dataverseSource,main,contacts,contacts,adx_profilealertinstructions,12,Memo,Column,TRUE,STRING,,115,,,,,
dataverseSource,main,contacts,contacts,adx_profilealertname,12,Virtual,Column,TRUE,STRING,,116,TRUE,adx_profilealert,NAME,,
dataverseSource,main,contacts,contacts,adx_profileisanonymous,16,Boolean,Column,TRUE,BOOLEAN,,117,,,,,
dataverseSource,main,contacts,contacts,adx_profileisanonymousname,12,Virtual,Column,TRUE,STRING,,118,TRUE,adx_profileisanonymous,NAME,,
dataverseSource,main,contacts,contacts,adx_profilelastactivity,93,DateTime,Column,TRUE,DATETIME,,119,,,,,
dataverseSource,main,contacts,contacts,adx_profilemodifiedon,93,DateTime,Column,TRUE,DATETIME,,120,,,,,
dataverseSource,main,contacts,contacts,adx_publicprofilecopy,12,Memo,Column,TRUE,STRING,,121,,,,,
dataverseSource,main,contacts,contacts,adx_timezone,12,Integer,Column,TRUE,STRING,,122,,,,,
dataverseSource,main,contacts,contacts,aging30,3,Money,Column,TRUE,REAL,For system use only.,123,,,,,
dataverseSource,main,contacts,contacts,aging30_base,3,Money,Column,TRUE,REAL,Shows the Aging 30 field converted to the system's default base currency. The calculations use the exchange rate specified in the Currencies area.,124,,,,,
dataverseSource,main,contacts,contacts,aging60,3,Money,Column,TRUE,REAL,For system use only.,125,,,,,
dataverseSource,main,contacts,contacts,aging60_base,3,Money,Column,TRUE,REAL,Shows the Aging 60 field converted to the system's default base currency. The calculations use the exchange rate specified in the Currencies area.,126,,,,,
dataverseSource,main,contacts,contacts,aging90,3,Money,Column,TRUE,REAL,For system use only.,127,,,,,
dataverseSource,main,contacts,contacts,aging90_base,3,Money,Column,TRUE,REAL,Shows the Aging 90 field converted to the system's default base currency. The calculations use the exchange rate specified in the Currencies area.,128,,,,,
dataverseSource,main,contacts,contacts,anniversary,91,DateTime,Column,TRUE,DATE,Enter the date of the contact's wedding or service anniversary for use in customer gift programs or other communications.,129,,,,,
dataverseSource,main,contacts,contacts,annualincome,3,Money,Column,TRUE,REAL,Type the contact's annual income for use in profiling and financial analysis.,130,,,,,
dataverseSource,main,contacts,contacts,annualincome_base,3,Money,Column,TRUE,REAL,Shows the Annual Income field converted to the system's default base currency. The calculations use the exchange rate specified in the Currencies area.,131,,,,,
dataverseSource,main,contacts,contacts,assistantname,12,String,Column,TRUE,STRING,Type the name of the contact's assistant.,132,TRUE,,NAME,,
dataverseSource,main,contacts,contacts,assistantphone,12,String,Column,TRUE,STRING,Type the phone number for the contact's assistant.,133,TRUE,,TELEPHONE_NUMBER,,
dataverseSource,main,contacts,contacts,birthdate,91,DateTime,Column,TRUE,DATE,Enter the contact's birthday for use in customer gift programs or other communications.,134,,,,,
dataverseSource,main,contacts,contacts,business2,12,String,Column,TRUE,STRING,Type a second business phone number for this contact.,135,,,,,
dataverseSource,main,contacts,contacts,businesscard,12,Memo,Column,TRUE,STRING,Stores Image of the Business Card,136,,,,,
dataverseSource,main,contacts,contacts,businesscardattributes,12,String,Column,TRUE,STRING,Stores Business Card Control Properties.,137,,,,,
dataverseSource,main,contacts,contacts,callback,12,String,Column,TRUE,STRING,Type a callback phone number for this contact.,138,,,,,
dataverseSource,main,contacts,contacts,childrensnames,12,String,Column,TRUE,STRING,Type the names of the contact's children for reference in communications and client programs.,139,TRUE,,NAME,,
dataverseSource,main,contacts,contacts,company,12,String,Column,TRUE,STRING,Type the company phone of the contact.,140,TRUE,,BUSINESS_NAME,,
dataverseSource,main,contacts,contacts,contactid,1,Uniqueidentifier,Column,FALSE,STRING,Unique identifier of the contact.,141,,,,TRUE,
dataverseSource,main,contacts,contacts,createdby,12,Lookup,Column,TRUE,STRING,Shows who created the record.,142,,,,,
dataverseSource,main,contacts,contacts,createdbyexternalparty,12,Lookup,Column,TRUE,STRING,Shows the external party who created the record.,143,,,,,
dataverseSource,main,contacts,contacts,createdbyexternalpartyname,12,String,Column,TRUE,STRING,,144,TRUE,createdbyexternalparty,NAME,,
dataverseSource,main,contacts,contacts,createdbyexternalpartyyominame,12,String,Column,TRUE,STRING,,145,TRUE,createdbyexternalparty,NAME,,
dataverseSource,main,contacts,contacts,createdbyname,12,String,Column,TRUE,STRING,,146,TRUE,createdby,NAME,,
dataverseSource,main,contacts,contacts,createdbyyominame,12,String,Column,TRUE,STRING,,147,TRUE,createdby,NAME,,
dataverseSource,main,contacts,contacts,createdon,93,DateTime,Column,TRUE,DATETIME,Shows the date and time when the record was created. The date and time are displayed in the time zone selected in Microsoft Dynamics 365 options.,148,,,,,
dataverseSource,main,contacts,contacts,createdonbehalfby,12,Lookup,Column,TRUE,STRING,Shows who created the record on behalf of another user.,149,,,,,
dataverseSource,main,contacts,contacts,createdonbehalfbyname,12,String,Column,TRUE,STRING,,150,TRUE,createdonbehalfby,NAME,,
dataverseSource,main,contacts,contacts,createdonbehalfbyyominame,12,String,Column,TRUE,STRING,,151,TRUE,createdonbehalfby,NAME,,
dataverseSource,main,contacts,contacts,creditlimit,3,Money,Column,TRUE,REAL,Type the credit limit of the contact for reference when you address invoice and accounting issues with the customer.,152,,,,,
dataverseSource,main,contacts,contacts,creditlimit_base,3,Money,Column,TRUE,REAL,Shows the Credit Limit field converted to the system's default base currency for reporting purposes. The calculations use the exchange rate specified in the Currencies area.,153,,,,,
dataverseSource,main,contacts,contacts,creditonhold,16,Boolean,Column,TRUE,BOOLEAN,"Select whether the contact is on a credit hold, for reference when addressing invoice and accounting issues.",154,,,,,
dataverseSource,main,contacts,contacts,creditonholdname,12,Virtual,Column,TRUE,STRING,,155,TRUE,creditonhold,NAME,,
dataverseSource,main,contacts,contacts,customersizecode,4,Picklist,Column,TRUE,INTEGER,Select the size of the contact's company for segmentation and reporting purposes.,156,,,,,
dataverseSource,main,contacts,contacts,customersizecodename,12,Virtual,Column,TRUE,STRING,,157,TRUE,customersizecode,NAME,,
dataverseSource,main,contacts,contacts,customertypecode,4,Picklist,Column,TRUE,INTEGER,Select the category that best describes the relationship between the contact and your organization.,158,,,,,
dataverseSource,main,contacts,contacts,customertypecodename,12,Virtual,Column,TRUE,STRING,,159,TRUE,customertypecode,NAME,,
dataverseSource,main,contacts,contacts,defaultpricelevelid,12,Lookup,Column,TRUE,STRING,"Choose the default price list associated with the contact to make sure the correct product prices for this customer are applied in sales opportunities, quotes, and orders.",160,,,,,
dataverseSource,main,contacts,contacts,defaultpricelevelidname,12,String,Column,FALSE,STRING,,161,TRUE,defaultpricelevelid,NAME,,
dataverseSource,main,contacts,contacts,department,12,String,Column,TRUE,STRING,Type the department or business unit where the contact works in the parent company or business.,162,TRUE,,DEPARTMENT,,
dataverseSource,main,contacts,contacts,description,12,Memo,Column,TRUE,STRING,"Type additional information to describe the contact, such as an excerpt from the company's website.",163,,,,,
dataverseSource,main,contacts,contacts,donotbulkemail,16,Boolean,Column,TRUE,BOOLEAN,"Select whether the contact accepts bulk email sent through marketing campaigns or quick campaigns. If Do Not Allow is selected, the contact can be added to marketing lists, but will be excluded from the email.",164,,,,,
dataverseSource,main,contacts,contacts,donotbulkemailname,12,Virtual,Column,TRUE,STRING,,165,TRUE,donotbulkemail,NAME,,
dataverseSource,main,contacts,contacts,donotbulkpostalmail,16,Boolean,Column,TRUE,BOOLEAN,"Select whether the contact accepts bulk postal mail sent through marketing campaigns or quick campaigns. If Do Not Allow is selected, the contact can be added to marketing lists, but will be excluded from the letters.",166,,,,,
dataverseSource,main,contacts,contacts,donotbulkpostalmailname,12,Virtual,Column,TRUE,STRING,,167,TRUE,donotbulkpostalmail,NAME,,
dataverseSource,main,contacts,contacts,donotemail,16,Boolean,Column,TRUE,BOOLEAN,"Select whether the contact allows direct email sent from Microsoft Dynamics 365. If Do Not Allow is selected, Microsoft Dynamics 365 will not send the email.",168,,,,,
dataverseSource,main,contacts,contacts,donotemailname,12,Virtual,Column,TRUE,STRING,,169,TRUE,donotemail,NAME,,
dataverseSource,main,contacts,contacts,donotfax,16,Boolean,Column,TRUE,BOOLEAN,"Select whether the contact allows faxes. If Do Not Allow is selected, the contact will be excluded from any fax activities distributed in marketing campaigns.",170,TRUE,,TELEPHONE_NUMBER,,
dataverseSource,main,contacts,contacts,donotfaxname,12,Virtual,Column,TRUE,STRING,,171,TRUE,donotfax,TELEPHONE_NUMBER,,
dataverseSource,main,contacts,contacts,donotphone,16,Boolean,Column,TRUE,BOOLEAN,"Select whether the contact accepts phone calls. If Do Not Allow is selected, the contact will be excluded from any phone call activities distributed in marketing campaigns.",172,TRUE,,TELEPHONE_NUMBER,,
dataverseSource,main,contacts,contacts,donotphonename,12,Virtual,Column,TRUE,STRING,,173,TRUE,donotphone,TELEPHONE_NUMBER,,
dataverseSource,main,contacts,contacts,donotpostalmail,16,Boolean,Column,TRUE,BOOLEAN,"Select whether the contact allows direct mail. If Do Not Allow is selected, the contact will be excluded from letter activities distributed in marketing campaigns.",174,,,,,
dataverseSource,main,contacts,contacts,donotpostalmailname,12,Virtual,Column,TRUE,STRING,,175,TRUE,donotpostalmail,NAME,,
dataverseSource,main,contacts,contacts,donotsendmarketingmaterialname,12,Virtual,Column,TRUE,STRING,,176,TRUE,donotsendmm,NAME,,
dataverseSource,main,contacts,contacts,donotsendmm,16,Boolean,Column,TRUE,BOOLEAN,"Select whether the contact accepts marketing materials, such as brochures or catalogs. Contacts that opt out can be excluded from marketing initiatives.",177,,,,,
dataverseSource,main,contacts,contacts,educationcode,4,Picklist,Column,TRUE,INTEGER,Select the contact's highest level of education for use in segmentation and analysis.,178,,,,,
dataverseSource,main,contacts,contacts,educationcodename,12,Virtual,Column,TRUE,STRING,,179,TRUE,educationcode,NAME,,
dataverseSource,main,contacts,contacts,emailaddress1,12,String,Column,TRUE,STRING,Type the primary email address for the contact.,180,,,EMAIL,,
dataverseSource,main,contacts,contacts,emailaddress2,12,String,Column,TRUE,STRING,Type the secondary email address for the contact.,181,,,EMAIL,,
dataverseSource,main,contacts,contacts,emailaddress3,12,String,Column,TRUE,STRING,Type an alternate email address for the contact.,182,,,EMAIL,,
dataverseSource,main,contacts,contacts,employeeid,12,String,Column,TRUE,STRING,"Type the employee ID or number for the contact for reference in orders, service cases, or other communications with the contact's organization.",183,,,,,
dataverseSource,main,contacts,contacts,entityimage,12,Virtual,Column,TRUE,STRING,Shows the default image for the record.,184,,entityimageid,,,
dataverseSource,main,contacts,contacts,entityimage_timestamp,-5,BigInt,Column,TRUE,INTEGER,,185,,entityimageid,,,
dataverseSource,main,contacts,contacts,entityimage_url,12,String,Column,TRUE,STRING,,186,,entityimageid,,,
dataverseSource,main,contacts,contacts,entityimageid,1,Uniqueidentifier,Column,TRUE,STRING,For internal use only.,187,,,,,
dataverseSource,main,contacts,contacts,exchangerate,3,Decimal,Column,TRUE,REAL,Shows the conversion rate of the record's currency. The exchange rate is used to convert all money fields in the record from the local currency to the system's default currency.,188,,,,,
dataverseSource,main,contacts,contacts,externaluseridentifier,12,String,Column,TRUE,STRING,Identifier for an external user.,189,,,,,
dataverseSource,main,contacts,contacts,familystatuscode,4,Picklist,Column,TRUE,INTEGER,Select the marital status of the contact for reference in follow-up phone calls and other communications.,190,,,,,
dataverseSource,main,contacts,contacts,familystatuscodename,12,Virtual,Column,TRUE,STRING,,191,TRUE,familystatuscode,NAME,,
dataverseSource,main,contacts,contacts,fax,12,String,Column,TRUE,STRING,Type the fax number for the contact.,192,TRUE,,TELEPHONE_NUMBER,,
dataverseSource,main,contacts,contacts,firstname,12,String,Column,FALSE,STRING,"Type the contact's first name to make sure the contact is addressed correctly in sales calls, email, and marketing campaigns.",193,TRUE,,FIRST_NAME,,
dataverseSource,main,contacts,contacts,followemail,16,Boolean,Column,TRUE,BOOLEAN,"Information about whether to allow following email activity like opens, attachment views and link clicks for emails sent to the contact.",194,,,,,
dataverseSource,main,contacts,contacts,followemailname,12,Virtual,Column,TRUE,STRING,,195,TRUE,followemail,NAME,,
dataverseSource,main,contacts,contacts,ftpsiteurl,12,String,Column,TRUE,STRING,Type the URL for the contact's FTP site to enable users to access data and share documents.,196,,,,,
dataverseSource,main,contacts,contacts,fullname,12,String,Column,TRUE,STRING,Combines and shows the contact's first and last names so that the full name can be displayed in views and reports.,197,TRUE,,FULL_NAME,,
dataverseSource,main,contacts,contacts,gendercode,4,Picklist,Column,TRUE,INTEGER,"Select the contact's gender to make sure the contact is addressed correctly in sales calls, email, and marketing campaigns.",198,,,,,
dataverseSource,main,contacts,contacts,gendercodename,12,Virtual,Column,TRUE,STRING,,199,TRUE,gendercode,NAME,,
dataverseSource,main,contacts,contacts,governmentid,12,String,Column,TRUE,STRING,Type the passport number or other government ID for the contact for use in documents or reports.,200,TRUE,,FEDERAL_ISSUED_IDENTIFIER,,
dataverseSource,main,contacts,contacts,haschildrencode,4,Picklist,Column,TRUE,INTEGER,Select whether the contact has any children for reference in follow-up phone calls and other communications.,201,,,,,
dataverseSource,main,contacts,contacts,haschildrencodename,12,Virtual,Column,TRUE,STRING,,202,TRUE,haschildrencode,NAME,,
dataverseSource,main,contacts,contacts,home2,12,String,Column,TRUE,STRING,Type a second home phone number for this contact.,203,,,,,
dataverseSource,main,contacts,contacts,importsequencenumber,4,Integer,Column,TRUE,INTEGER,Unique identifier of the data import or data migration that created this record.,204,,,,,
dataverseSource,main,contacts,contacts,isbackofficecustomer,16,Boolean,Column,TRUE,BOOLEAN,"Select whether the contact exists in a separate accounting or other system, such as Microsoft Dynamics GP or another ERP database, for use in integration processes.",205,,,,,
dataverseSource,main,contacts,contacts,isbackofficecustomername,12,Virtual,Column,TRUE,STRING,,206,TRUE,isbackofficecustomer,NAME,,
dataverseSource,main,contacts,contacts,isprivatename,12,Virtual,Column,TRUE,STRING,,207,TRUE,isprivate,NAME,,
dataverseSource,main,contacts,contacts,jobtitle,12,String,Column,TRUE,STRING,"Type the job title of the contact to make sure the contact is addressed correctly in sales calls, email, and marketing campaigns.",208,TRUE,,OCCUPATION,,
dataverseSource,main,contacts,contacts,lastname,12,String,Column,FALSE,STRING,"Type the contact's last name to make sure the contact is addressed correctly in sales calls, email, and marketing campaigns.",209,TRUE,,LAST_NAME,,
dataverseSource,main,contacts,contacts,lastonholdtime,93,DateTime,Column,TRUE,DATETIME,Contains the date and time stamp of the last on hold time.,210,,,,,
dataverseSource,main,contacts,contacts,lastusedincampaign,91,DateTime,Column,TRUE,DATE,Shows the date when the contact was last included in a marketing campaign or quick campaign.,211,,,,,
dataverseSource,main,contacts,contacts,leadsourcecode,4,Picklist,Column,TRUE,INTEGER,Select the primary marketing source that directed the contact to your organization.,212,,,,,
dataverseSource,main,contacts,contacts,leadsourcecodename,12,Virtual,Column,TRUE,STRING,,213,TRUE,leadsourcecode,LAST_NAME,,
dataverseSource,main,contacts,contacts,managername,12,String,Column,TRUE,STRING,Type the name of the contact's manager for use in escalating issues or other follow-up communications with the contact.,214,TRUE,,MIDDLE_NAME,,
dataverseSource,main,contacts,contacts,managerphone,12,String,Column,TRUE,STRING,Type the phone number for the contact's manager.,215,TRUE,,TELEPHONE_NUMBER,,
dataverseSource,main,contacts,contacts,marketingonly,16,Boolean,Column,TRUE,BOOLEAN,Whether is only for marketing,216,,,,,
dataverseSource,main,contacts,contacts,marketingonlyname,12,Virtual,Column,TRUE,STRING,,217,TRUE,marketingonly,MIDDLE_NAME,,
dataverseSource,main,contacts,contacts,mastercontactidname,12,String,Column,TRUE,STRING,,218,TRUE,masterid,MIDDLE_NAME,,
dataverseSource,main,contacts,contacts,mastercontactidyominame,12,String,Column,TRUE,STRING,,219,TRUE,masterid,MIDDLE_NAME,,
dataverseSource,main,contacts,contacts,masterid,12,Lookup,Column,TRUE,STRING,Unique identifier of the master contact for merge.,220,,,,,
dataverseSource,main,contacts,contacts,merged,16,Boolean,Column,TRUE,BOOLEAN,Shows whether the account has been merged with a master contact.,221,,,,,
dataverseSource,main,contacts,contacts,mergedname,12,Virtual,Column,TRUE,STRING,,222,TRUE,merged,MIDDLE_NAME,,
dataverseSource,main,contacts,contacts,middlename,12,String,Column,TRUE,STRING,Type the contact's middle name or initial to make sure the contact is addressed correctly.,223,TRUE,,MIDDLE_NAME,,
dataverseSource,main,contacts,contacts,mobilephone,12,String,Column,TRUE,STRING,Type the mobile phone number for the contact.,224,TRUE,,TELEPHONE_NUMBER,,
dataverseSource,main,contacts,contacts,modifiedby,12,Lookup,Column,TRUE,STRING,Shows who last updated the record.,225,,,,,
dataverseSource,main,contacts,contacts,modifiedbyexternalparty,12,Lookup,Column,TRUE,STRING,Shows the external party who modified the record.,226,,,,,
dataverseSource,main,contacts,contacts,modifiedbyexternalpartyname,12,String,Column,TRUE,STRING,,227,TRUE,modifiedbyexternalparty,MIDDLE_NAME,,
dataverseSource,main,contacts,contacts,modifiedbyexternalpartyyominame,12,String,Column,TRUE,STRING,,228,TRUE,modifiedbyexternalparty,MIDDLE_NAME,,
dataverseSource,main,contacts,contacts,modifiedbyname,12,String,Column,TRUE,STRING,,229,TRUE,modifiedby,MIDDLE_NAME,,
dataverseSource,main,contacts,contacts,modifiedbyyominame,12,String,Column,TRUE,STRING,,230,TRUE,modifiedby,MIDDLE_NAME,,
dataverseSource,main,contacts,contacts,modifiedon,93,DateTime,Column,TRUE,DATETIME,Shows the date and time when the record was last updated. The date and time are displayed in the time zone selected in Microsoft Dynamics 365 options.,231,,,,,
dataverseSource,main,contacts,contacts,modifiedonbehalfby,12,Lookup,Column,TRUE,STRING,Shows who last updated the record on behalf of another user.,232,,,,,
dataverseSource,main,contacts,contacts,modifiedonbehalfbyname,12,String,Column,TRUE,STRING,,233,TRUE,modifiedonbehalfby,MIDDLE_NAME,,
dataverseSource,main,contacts,contacts,modifiedonbehalfbyyominame,12,String,Column,TRUE,STRING,,234,TRUE,modifiedonbehalfby,MIDDLE_NAME,,
dataverseSource,main,contacts,contacts,msa_managingpartnerid,12,Lookup,Column,TRUE,STRING,Unique identifier for Account associated with Contact.,235,,,,,
dataverseSource,main,contacts,contacts,msa_managingpartneridname,12,String,Column,TRUE,STRING,,236,TRUE,msa_managingpartnerid,MIDDLE_NAME,,
dataverseSource,main,contacts,contacts,msa_managingpartneridyominame,12,String,Column,TRUE,STRING,,237,TRUE,msa_managingpartnerid,MIDDLE_NAME,,
dataverseSource,main,contacts,contacts,msdyn_contactkpiid,12,Lookup,Column,TRUE,STRING,Maps to contact KPI records,238,,,,,
dataverseSource,main,contacts,contacts,msdyn_contactkpiidname,12,String,Column,TRUE,STRING,,239,TRUE,msdyn_contactkpiid,MIDDLE_NAME,,
dataverseSource,main,contacts,contacts,msdyn_decisioninfluencetag,4,Picklist,Column,TRUE,INTEGER,Indicate buying influence using labels,240,,,,,
dataverseSource,main,contacts,contacts,msdyn_decisioninfluencetagname,12,Virtual,Column,TRUE,STRING,,241,TRUE,msdyn_decisioninfluencetag,MIDDLE_NAME,,
dataverseSource,main,contacts,contacts,msdyn_disablewebtracking,16,Boolean,Column,TRUE,BOOLEAN,Indicates that the contact has opted out of web tracking.,242,,,,,
dataverseSource,main,contacts,contacts,msdyn_disablewebtrackingname,12,Virtual,Column,TRUE,STRING,,243,TRUE,msdyn_disablewebtracking,MIDDLE_NAME,,
dataverseSource,main,contacts,contacts,msdyn_gdproptout,16,Boolean,Column,TRUE,BOOLEAN,Describes whether contact is opted out or not,244,,,,,
dataverseSource,main,contacts,contacts,msdyn_gdproptoutname,12,Virtual,Column,TRUE,STRING,,245,TRUE,msdyn_gdproptout,MIDDLE_NAME,,
dataverseSource,main,contacts,contacts,msdyn_isassistantinorgchart,16,Boolean,Column,TRUE,BOOLEAN,Describes if the contact is an assistant in org chart,246,,,,,
dataverseSource,main,contacts,contacts,msdyn_isassistantinorgchartname,12,Virtual,Column,TRUE,STRING,,247,TRUE,msdyn_isassistantinorgchart,MIDDLE_NAME,,
dataverseSource,main,contacts,contacts,msdyn_isminor,16,Boolean,Column,TRUE,BOOLEAN,Indicates that the contact is considered a minor in their jurisdiction.,248,,,,,
dataverseSource,main,contacts,contacts,msdyn_isminorname,12,Virtual,Column,TRUE,STRING,,249,TRUE,msdyn_isminor,MIDDLE_NAME,,
dataverseSource,main,contacts,contacts,msdyn_isminorwithparentalconsent,16,Boolean,Column,TRUE,BOOLEAN,Indicates that the contact is considered a minor in their jurisdiction and has parental consent.,250,,,,,
dataverseSource,main,contacts,contacts,msdyn_isminorwithparentalconsentname,12,Virtual,Column,TRUE,STRING,,251,TRUE,msdyn_isminorwithparentalconsent,MIDDLE_NAME,,
dataverseSource,main,contacts,contacts,msdyn_orgchangestatus,4,Picklist,Column,TRUE,INTEGER,Whether or not the contact belongs to the associated account,252,,,,,
dataverseSource,main,contacts,contacts,msdyn_orgchangestatusname,12,Virtual,Column,TRUE,STRING,,253,TRUE,msdyn_orgchangestatus,MIDDLE_NAME,,
dataverseSource,main,contacts,contacts,msdyn_portaltermsagreementdate,93,DateTime,Column,TRUE,DATETIME,Indicates the date and time that the person agreed to the portal terms and conditions.,254,,,,,
dataverseSource,main,contacts,contacts,msdyn_primarytimezone,12,Integer,Column,TRUE,STRING,Indicates the primary time zone that the contact works on.,255,,,,,
dataverseSource,main,contacts,contacts,msdyn_segmentid,12,Lookup,Column,TRUE,STRING,Unique identifier for Segment associated with contact.,256,,,,,
dataverseSource,main,contacts,contacts,msdyn_segmentidname,12,String,Column,TRUE,STRING,,257,TRUE,msdyn_segmentid,MIDDLE_NAME,,
dataverseSource,main,contacts,contacts,mspp_userpreferredlcid,4,Picklist,Column,TRUE,INTEGER,User’s preferred portal language,258,,,,,
dataverseSource,main,contacts,contacts,mspp_userpreferredlcidname,12,Virtual,Column,TRUE,STRING,,259,TRUE,mspp_userpreferredlcid,MIDDLE_NAME,,
dataverseSource,main,contacts,contacts,nickname,12,String,Column,TRUE,STRING,Type the contact's nickname.,260,TRUE,,NAME,,
dataverseSource,main,contacts,contacts,numberofchildren,4,Integer,Column,TRUE,INTEGER,Type the number of children the contact has for reference in follow-up phone calls and other communications.,261,,,,,
dataverseSource,main,contacts,contacts,onholdtime,4,Integer,Column,TRUE,INTEGER,"Shows how long, in minutes, that the record was on hold.",262,,,,,
dataverseSource,main,contacts,contacts,originatingleadid,12,Lookup,Column,TRUE,STRING,Shows the lead that the contact was created if the contact was created by converting a lead in Microsoft Dynamics 365. This is used to relate the contact to the data on the originating lead for use in reporting and analytics.,263,TRUE,,ORIGIN,,
dataverseSource,main,contacts,contacts,originatingleadidname,12,String,Column,TRUE,STRING,,264,TRUE,originatingleadid,NAME,,
dataverseSource,main,contacts,contacts,originatingleadidyominame,12,String,Column,TRUE,STRING,,265,TRUE,originatingleadid,NAME,,
dataverseSource,main,contacts,contacts,overriddencreatedon,91,DateTime,Column,TRUE,DATE,Date and time that the record was migrated.,266,,,,,
dataverseSource,main,contacts,contacts,ownerid,12,Owner,Column,FALSE,STRING,Enter the user or team who is assigned to manage the record. This field is updated every time the record is assigned to a different user.,267,TRUE,,OWNER,,
dataverseSource,main,contacts,contacts,owneridname,12,String,Column,FALSE,STRING,,268,TRUE,ownerid,OWNER,,
dataverseSource,main,contacts,contacts,owneridtype,12,EntityName,Column,FALSE,STRING,,269,TRUE,ownerid,OWNER,,
dataverseSource,main,contacts,contacts,owneridyominame,12,String,Column,FALSE,STRING,,270,TRUE,ownerid,OWNER,,
dataverseSource,main,contacts,contacts,owningbusinessunit,12,Lookup,Column,TRUE,STRING,Unique identifier of the business unit that owns the contact.,271,,,,,
dataverseSource,main,contacts,contacts,owningbusinessunitname,12,String,Column,TRUE,STRING,,272,TRUE,owningbusinessunit,NAME,,
dataverseSource,main,contacts,contacts,owningteam,12,Lookup,Column,TRUE,STRING,Unique identifier of the team who owns the contact.,273,,,,,
dataverseSource,main,contacts,contacts,owninguser,12,Lookup,Column,TRUE,STRING,Unique identifier of the user who owns the contact.,274,,,,,
dataverseSource,main,contacts,contacts,pager,12,String,Column,TRUE,STRING,Type the pager number for the contact.,275,,,,,
dataverseSource,main,contacts,contacts,parentcontactid,12,Lookup,Column,TRUE,STRING,Unique identifier of the parent contact.,276,,,,,
dataverseSource,main,contacts,contacts,parentcontactidname,12,String,Column,TRUE,STRING,,277,TRUE,parentcontactid,NAME,,
dataverseSource,main,contacts,contacts,parentcontactidyominame,12,String,Column,TRUE,STRING,,278,TRUE,parentcontactid,NAME,,
dataverseSource,main,contacts,contacts,parentcustomerid,12,Customer,Column,TRUE,STRING,"Select the parent account or parent contact for the contact to provide a quick link to additional details, such as financial information, activities, and opportunities.",279,,,,,
dataverseSource,main,contacts,contacts,parentcustomeridname,12,String,Column,FALSE,STRING,,280,TRUE,parentcustomerid,NAME,,
dataverseSource,main,contacts,contacts,parentcustomeridtype,12,EntityName,Column,TRUE,STRING,,281,,parentcustomerid,,,
dataverseSource,main,contacts,contacts,parentcustomeridyominame,12,String,Column,FALSE,STRING,,282,TRUE,parentcustomerid,NAME,,
dataverseSource,main,contacts,contacts,participatesinworkflow,16,Boolean,Column,TRUE,BOOLEAN,Shows whether the contact participates in workflow rules.,283,,,,,
dataverseSource,main,contacts,contacts,participatesinworkflowname,12,Virtual,Column,TRUE,STRING,,284,TRUE,participatesinworkflow,NAME,,
dataverseSource,main,contacts,contacts,paymenttermscode,4,Picklist,Column,TRUE,INTEGER,Select the payment terms to indicate when the customer needs to pay the total amount.,285,,,PAYMENT_CODE,,
dataverseSource,main,contacts,contacts,paymenttermscodename,12,Virtual,Column,TRUE,STRING,,286,TRUE,paymenttermscode,NAME,,
dataverseSource,main,contacts,contacts,preferredappointmentdaycode,4,Picklist,Column,TRUE,INTEGER,Select the preferred day of the week for service appointments.,287,,,,,
dataverseSource,main,contacts,contacts,preferredappointmentdaycodename,12,Virtual,Column,TRUE,STRING,,288,TRUE,preferredappointmentdaycode,NAME,,
dataverseSource,main,contacts,contacts,preferredappointmenttimecode,4,Picklist,Column,TRUE,INTEGER,Select the preferred time of day for service appointments.,289,,,,,
dataverseSource,main,contacts,contacts,preferredappointmenttimecodename,12,Virtual,Column,TRUE,STRING,,290,TRUE,preferredappointmenttimecode,NAME,,
dataverseSource,main,contacts,contacts,preferredcontactmethodcode,4,Picklist,Column,TRUE,INTEGER,Select the preferred method of contact.,291,,,,,
dataverseSource,main,contacts,contacts,preferredcontactmethodcodename,12,Virtual,Column,TRUE,STRING,,292,TRUE,preferredcontactmethodcode,NAME,,
dataverseSource,main,contacts,contacts,preferredequipmentid,12,Lookup,Column,TRUE,STRING,Choose the contact's preferred service facility or equipment to make sure services are scheduled correctly for the customer.,293,,,,,
dataverseSource,main,contacts,contacts,preferredequipmentidname,12,String,Column,FALSE,STRING,,294,TRUE,preferredequipmentid,NAME,,
dataverseSource,main,contacts,contacts,preferredserviceid,12,Lookup,Column,TRUE,STRING,Choose the contact's preferred service to make sure services are scheduled correctly for the customer.,295,,,,,
dataverseSource,main,contacts,contacts,preferredserviceidname,12,String,Column,FALSE,STRING,,296,TRUE,preferredserviceid,NAME,,
dataverseSource,main,contacts,contacts,preferredsystemuserid,12,Lookup,Column,TRUE,STRING,Choose the regular or preferred customer service representative for reference when scheduling service activities for the contact.,297,,,,,
dataverseSource,main,contacts,contacts,preferredsystemuseridname,12,String,Column,TRUE,STRING,,298,TRUE,preferredsystemuserid,NAME,,
dataverseSource,main,contacts,contacts,preferredsystemuseridyominame,12,String,Column,TRUE,STRING,,299,TRUE,preferredsystemuserid,NAME,,
dataverseSource,main,contacts,contacts,processid,1,Uniqueidentifier,Column,TRUE,STRING,Shows the ID of the process.,300,,,,,
dataverseSource,main,contacts,contacts,salutation,12,String,Column,TRUE,STRING,"Type the salutation of the contact to make sure the contact is addressed correctly in sales calls, email messages, and marketing campaigns.",301,,,,,
dataverseSource,main,contacts,contacts,shippingmethodcode,4,Picklist,Column,TRUE,INTEGER,Select a shipping method for deliveries sent to this address.,302,,,,,
dataverseSource,main,contacts,contacts,shippingmethodcodename,12,Virtual,Column,TRUE,STRING,,303,TRUE,shippingmethodcode,NAME,,
dataverseSource,main,contacts,contacts,slaid,12,Lookup,Column,TRUE,STRING,Choose the service level agreement (SLA) that you want to apply to the Contact record.,304,,,,,
dataverseSource,main,contacts,contacts,slainvokedid,12,Lookup,Column,TRUE,STRING,Last SLA that was applied to this case. This field is for internal use only.,305,,,,,
dataverseSource,main,contacts,contacts,slainvokedidname,12,String,Column,TRUE,STRING,,306,TRUE,slainvokedid,NAME,,
dataverseSource,main,contacts,contacts,slaname,12,String,Column,TRUE,STRING,,307,TRUE,slaid,NAME,,
dataverseSource,main,contacts,contacts,spousesname,12,String,Column,TRUE,STRING,"Type the name of the contact's spouse or partner for reference during calls, events, or other communications with the contact.",308,TRUE,,NAME,,
dataverseSource,main,contacts,contacts,stageid,1,Uniqueidentifier,Column,TRUE,STRING,Shows the ID of the stage.,309,,,,,
dataverseSource,main,contacts,contacts,statecode,4,State,Column,FALSE,INTEGER,Shows whether the contact is active or inactive. Inactive contacts are read-only and can't be edited unless they are reactivated.,310,,,STATE,,
dataverseSource,main,contacts,contacts,statecodename,12,Virtual,Column,TRUE,STRING,,311,TRUE,statecode,STATE,,
dataverseSource,main,contacts,contacts,statuscode,4,Status,Column,TRUE,INTEGER,Select the contact's status.,312,,,,,
dataverseSource,main,contacts,contacts,statuscodename,12,Virtual,Column,TRUE,STRING,,313,TRUE,statuscode,NAME,,
dataverseSource,main,contacts,contacts,suffix,12,String,Column,TRUE,STRING,"Type the suffix used in the contact's name, such as Jr. or Sr. to make sure the contact is addressed correctly in sales calls, email, and marketing campaigns.",314,,,,,
dataverseSource,main,contacts,contacts,teamsfollowed,4,Integer,Column,TRUE,INTEGER,Number of users or conversations followed the record,315,,,,,
dataverseSource,main,contacts,contacts,telephone1,12,String,Column,TRUE,STRING,Type the main phone number for this contact.,316,TRUE,,TELEPHONE_NUMBER,,
dataverseSource,main,contacts,contacts,telephone2,12,String,Column,TRUE,STRING,Type a second phone number for this contact.,317,TRUE,,TELEPHONE_NUMBER,,
dataverseSource,main,contacts,contacts,telephone3,12,String,Column,TRUE,STRING,Type a third phone number for this contact.,318,TRUE,,TELEPHONE_NUMBER,,
dataverseSource,main,contacts,contacts,territorycode,4,Picklist,Column,TRUE,INTEGER,Select a region or territory for the contact for use in segmentation and analysis.,319,,,,,
dataverseSource,main,contacts,contacts,territorycodename,12,Virtual,Column,TRUE,STRING,,320,TRUE,territorycode,NAME,,
dataverseSource,main,contacts,contacts,timespentbymeonemailandmeetings,12,String,Column,TRUE,STRING,Total time spent for emails (read and write) and meetings by me in relation to the contact record.,321,,,,,
dataverseSource,main,contacts,contacts,timezoneruleversionnumber,4,Integer,Column,TRUE,INTEGER,For internal use only.,322,,,,,
dataverseSource,main,contacts,contacts,transactioncurrencyid,12,Lookup,Column,TRUE,STRING,Choose the local currency for the record to make sure budgets are reported in the correct currency.,323,,,,,
dataverseSource,main,contacts,contacts,transactioncurrencyidname,12,String,Column,TRUE,STRING,,324,TRUE,transactioncurrencyid,NAME,,
dataverseSource,main,contacts,contacts,traversedpath,12,String,Column,TRUE,STRING,For internal use only.,325,,,,,
dataverseSource,main,contacts,contacts,utcconversiontimezonecode,4,Integer,Column,TRUE,INTEGER,Time zone code that was in use when the record was created.,326,,,,,
dataverseSource,main,contacts,contacts,versionnumber,-5,BigInt,Column,TRUE,INTEGER,Version number of the contact.,327,,,,,
dataverseSource,main,contacts,contacts,websiteurl,12,String,Column,TRUE,STRING,Type the contact's professional or personal website or blog URL.,328,,,,,
dataverseSource,main,contacts,contacts,yomifirstname,12,String,Column,TRUE,STRING,"Type the phonetic spelling of the contact's first name, if the name is specified in Japanese, to make sure the name is pronounced correctly in phone calls with the contact.",329,TRUE,,NAME,,
dataverseSource,main,contacts,contacts,yomifullname,12,String,Column,TRUE,STRING,Shows the combined Yomi first and last names of the contact so that the full phonetic name can be displayed in views and reports.,330,TRUE,,NAME,,
dataverseSource,main,contacts,contacts,yomilastname,12,String,Column,TRUE,STRING,"Type the phonetic spelling of the contact's last name, if the name is specified in Japanese, to make sure the name is pronounced correctly in phone calls with the contact.",331,TRUE,,NAME,,
dataverseSource,main,contacts,contacts,yomimiddlename,12,String,Column,TRUE,STRING,"Type the phonetic spelling of the contact's middle name, if the name is specified in Japanese, to make sure the name is pronounced correctly in phone calls with the contact.",332,TRUE,,NAME,,
