classification,generator,params,consistent,unique,seed,useEnvironment,useExecutionId,useInstanceId,onEmpty,formatterName,formatterParams,category,preExecution,preExecutionParams,propertyAliasMap
ACCOUNT_NAME,RandomString.actor,"{""minLength"":10,""maxLength"":20}",FALSE,FALSE,FALSE,FALSE,FALSE,TRUE,MASK_NO_CACHE,,{},enable_masking,,{},"[{""actorInputName"":""maxLength"",""catalogProperty"":""maximumValue""},{""actorInputName"":""minLength"",""catalogProperty"":""minimumValue""}]"
ACCOUNT_NUMBER,RandomNumber.actor,"{""minimum"":1000,""maximum"":1000000}",TRUE,TRUE,FALSE,FALSE,FALSE,TRUE,MASK_NO_CACHE,,{},enable_masking,,{},"[{""actorInputName"":""maxLength"",""catalogProperty"":""maximumValue""},{""actorInputName"":""minLength"",""catalogProperty"":""minimumValue""}]"
ADDRESS,RandomString.actor,"{""minLength"":20,""maxLength"":25}",FALSE,FALSE,FALSE,FALSE,FALSE,TRUE,MASK_NO_CACHE,,{},enable_masking,,{},"[{""actorInputName"":""maxLength"",""catalogProperty"":""maximumValue""},{""actorInputName"":""minLength"",""catalogProperty"":""minimumValue""}]"
AFFILIATE_ID,,{},FALSE,FALSE,FALSE,FALSE,FALSE,TRUE,MASK_NO_CACHE,,{},enable_masking,,{},[]
AFFILIATE_NAME,RandomString.actor,"{""minLength"":10,""maxLength"":20}",TRUE,TRUE,FALSE,FALSE,FALSE,TRUE,MASK_NO_CACHE,,{},enable_masking,,{},"[{""actorInputName"":""maxLength"",""catalogProperty"":""maximumValue""},{""actorInputName"":""minLength"",""catalogProperty"":""minimumValue""}]"
AGE,RandomNumber.actor,"{""minimum"":18,""maximum"":99}",FALSE,FALSE,FALSE,FALSE,FALSE,TRUE,MASK_NO_CACHE,,{},enable_masking,,{},"[{""actorInputName"":""maximum"",""catalogProperty"":""maximumValue""},{""actorInputName"":""minimum"",""catalogProperty"":""minimumValue""}]"
ALIEN_REGISTRATION_NUMBER,,{},FALSE,FALSE,FALSE,FALSE,FALSE,TRUE,MASK_NO_CACHE,,{},enable_masking,,{},[]
ALTERNATIVE_IDENTITY,,{},FALSE,FALSE,FALSE,FALSE,FALSE,TRUE,MASK_NO_CACHE,,{},enable_masking,,{},[]
AUDIO,,{},FALSE,FALSE,FALSE,FALSE,FALSE,TRUE,MASK_NO_CACHE,,{},enable_masking,,{},[]
AUTHENTICATION_CREDENTIALS ,,{},FALSE,FALSE,FALSE,FALSE,FALSE,TRUE,MASK_NO_CACHE,,{},enable_masking,,{},[]
BANK_ACCOUNT,RandomNumber.actor,"{""minimum"":10000000,""maximum"":99999999}",TRUE,TRUE,FALSE,FALSE,FALSE,TRUE,MASK_NO_CACHE,,{},enable_masking,,{},"[{""actorInputName"":""maximum"",""catalogProperty"":""maximumValue""},{""actorInputName"":""minimum"",""catalogProperty"":""minimumValue""}]"
BUSINESS_NAME,RandomString.actor,"{""minLength"":10,""maxLength"":20}",TRUE,FALSE,FALSE,FALSE,FALSE,TRUE,MASK_NO_CACHE,,{},enable_masking,,{},"[{""actorInputName"":""maxLength"",""catalogProperty"":""maximumValue""},{""actorInputName"":""minLength"",""catalogProperty"":""minimumValue""}]"
CARDHOLDER_NAME,RandomString.actor,"{""minLength"":10,""maxLength"":20}",TRUE,FALSE,FALSE,FALSE,FALSE,TRUE,MASK_NO_CACHE,,{},enable_masking,,{},"[{""actorInputName"":""maxLength"",""catalogProperty"":""maximumValue""},{""actorInputName"":""minLength"",""catalogProperty"":""minimumValue""}]"
CITY,RandomString.actor,"{""minLength"":4,""maxLength"":8}",FALSE,FALSE,FALSE,FALSE,FALSE,TRUE,MASK_NO_CACHE,,{},enable_masking,,{},"[{""actorInputName"":""maxLength"",""catalogProperty"":""maximumValue""},{""actorInputName"":""minLength"",""catalogProperty"":""minimumValue""}]"
COUNTRY,RandomFromCollection.actor,"{""collection"":[""USA"",""FRANCE"",""ITALY"",""CANADA"",""JAPAN"",""BRAZIL""]}",FALSE,FALSE,FALSE,FALSE,FALSE,TRUE,MASK_NO_CACHE,,{},enable_masking,,{},[]
COUNTY,,{},FALSE,FALSE,FALSE,FALSE,FALSE,TRUE,MASK_NO_CACHE,,{},enable_masking,,{},[]
CREDIT_CARD,RandomCreditCard.actor,"{""prefixLength"":0}",TRUE,TRUE,FALSE,FALSE,FALSE,TRUE,MASK_NO_CACHE,,{},enable_masking,,{},[]
CREDIT_SCORE,,{},FALSE,FALSE,FALSE,FALSE,FALSE,TRUE,MASK_NO_CACHE,,{},enable_masking,,{},[]
DATE_OF_BIRTH,,{},FALSE,FALSE,FALSE,FALSE,FALSE,TRUE,MASK_NO_CACHE,,{},enable_masking,,{},[]
DEBIT_CARD,RandomCreditCard.actor,"{""prefixLength"":4}",FALSE,FALSE,FALSE,FALSE,FALSE,TRUE,MASK_NO_CACHE,,{},enable_masking,,{},[]
DEFAULT_BOOLEAN,RandomFromCollection.actor,"{""collection"":[""true"",""false""]}",FALSE,FALSE,FALSE,FALSE,FALSE,TRUE,MASK_NO_CACHE,,{},enable_masking,,{},[]
DEFAULT_BYTES,RandomString.actor,"{""minLength"":1,""maxLength"":1}",FALSE,FALSE,FALSE,FALSE,FALSE,TRUE,MASK_NO_CACHE,,{},enable_masking,,{},"[{""actorInputName"":""maxLength"",""catalogProperty"":""maximumValue""},{""actorInputName"":""minLength"",""catalogProperty"":""minimumValue""}]"
DEFAULT_DATE,Now.actor,{},FALSE,FALSE,FALSE,FALSE,FALSE,TRUE,MASK_NO_CACHE,,{},enable_masking,,{},[]
DEFAULT_DATETIME,Now.actor,{},FALSE,FALSE,FALSE,FALSE,FALSE,TRUE,MASK_NO_CACHE,,{},enable_masking,,{},[]
DEFAULT_INTEGER,RandomNumber.actor,"{""minimum"":"""",""maximum"":1000}",FALSE,FALSE,FALSE,FALSE,FALSE,TRUE,MASK_NO_CACHE,,{},enable_masking,,{},"[{""actorInputName"":""maximum"",""catalogProperty"":""maximumValue""},{""actorInputName"":""minimum"",""catalogProperty"":""minimumValue""}]"
DEFAULT_REAL,RandomDecimal.actor,"{""minimum"":"""",""maximum"":1000,""precision"":2}",FALSE,FALSE,FALSE,FALSE,FALSE,TRUE,MASK_NO_CACHE,,{},enable_masking,,{},"[{""actorInputName"":""maximum"",""catalogProperty"":""maximumValue""},{""actorInputName"":""minimum"",""catalogProperty"":""minimumValue""}]"
DEFAULT_STRING,RandomString.actor,"{""minLength"":2,""maxLength"":10}",FALSE,FALSE,FALSE,FALSE,FALSE,TRUE,MASK_NO_CACHE,,{},enable_masking,,{},"[{""actorInputName"":""maxLength"",""catalogProperty"":""maximumValue""},{""actorInputName"":""minLength"",""catalogProperty"":""minimumValue""}]"
DEFAULT_TIME,Now.actor,{},FALSE,FALSE,FALSE,FALSE,FALSE,TRUE,MASK_NO_CACHE,,{},enable_masking,,{},[]
DEPARTMENT,,{},FALSE,FALSE,FALSE,FALSE,FALSE,TRUE,MASK_NO_CACHE,,{},enable_masking,,{},[]
DEVICE_ID,,{},FALSE,FALSE,FALSE,FALSE,FALSE,TRUE,MASK_NO_CACHE,,{},enable_masking,,{},[]
DRIVER_LICENSE,RandomRegexGenerator.actor,"{""regex"":""\\b[A-Z]{1,2}\\d{1,6}[A-Z]?\\b""}",TRUE,FALSE,FALSE,FALSE,FALSE,TRUE,MASK_NO_CACHE,,{},enable_masking,,{},[]
EMAIL,RandomRegexGenerator.actor,"{""regex"":""[a-z0-9\\.]{6,20}@[a-z\\.]{4,10}\\.(com|net|org)""}",TRUE,TRUE,FALSE,FALSE,FALSE,TRUE,MASK_NO_CACHE,,{},enable_masking,,{},[]
FEDERAL_ISSUED_IDENTIFIER,,{},FALSE,FALSE,FALSE,FALSE,FALSE,TRUE,MASK_NO_CACHE,,{},enable_masking,,{},[]
FINGERPRINTS,,{},FALSE,FALSE,FALSE,FALSE,FALSE,TRUE,MASK_NO_CACHE,,{},enable_masking,,{},[]
FIRST_NAME,RandomFromCollection.actor,"{""collection"":[""Paula"",""Beatrice"",""Aquila"",""Shannon"",""Veda"",""Anthony"",""Whoopi"",""Maxwell"",""Rinah"",""Amaya"",""Flavia"",""Paul"",""Darryl"",""Walter"",""Knox"",""Willa"",""Lucian"",""Lucas"",""David"",""Mercedes"",""Rosalyn"",""Drake"",""Harlan"",""Josephine"",""Serena"",""Baker"",""Deanna"",""Emma"",""Salvador"",""Jolene"",""Cassandra"",""Fiona"",""Daphne"",""Leilani"",""Tamara"",""Martin"",""Kato"",""Dara"",""Stacey"",""Vance"",""Branden"",""Yoshi"",""Ruth"",""Stone"",""Jeremy"",""Victor"",""Lana"",""Carissa"",""Joy"",""Charity"",""Maggie"",""Alexis"",""Jesse"",""Fallon"",""Cathleen"",""Patrick"",""Zenia"",""Mikayla"",""Troy"",""Kiara"",""Graham"",""Tatiana"",""Jasper"",""Ruby"",""Ariana"",""Michael"",""Irma"",""Harrison"",""Melvin"",""Ferris"",""Quinn"",""Allistair"",""Cara"",""Emmanuel"",""Nichole"",""Belle"",""Ferris"",""Dora"",""Barry"",""Conan"",""Mari"",""Griffith"",""Jasper"",""Casey"",""Mariko"",""Tallulah"",""Charles"",""Mollie"",""Shay"",""James"",""Skyler"",""Tyrone"",""Merrill"",""Denton"",""Cynthia"",""Oren"",""Cora"",""Kelly"",""Ursula"",""Dara""]}",FALSE,FALSE,FALSE,FALSE,FALSE,TRUE,MASK_NO_CACHE,,{},enable_masking,,{},[]
FQDN,,{},FALSE,FALSE,FALSE,FALSE,FALSE,TRUE,MASK_NO_CACHE,,{},enable_masking,,{},[]
FULL_NAME,RandomString.actor,"{""maxLength"":20,""minLength"":10}",TRUE,FALSE,FALSE,FALSE,FALSE,TRUE,MASK_NO_CACHE,,{},enable_masking,,{},"[{""actorInputName"":""maxLength"",""catalogProperty"":""maximumValue""},{""actorInputName"":""minLength"",""catalogProperty"":""minimumValue""}]"
GENDER,RandomFromCollection.actor,"{""collection"":[""Male"",""Female""]}",FALSE,FALSE,FALSE,FALSE,FALSE,TRUE,MASK_NO_CACHE,,{},enable_masking,,{},[]
HAND_GEOMETRY,,{},FALSE,FALSE,FALSE,FALSE,FALSE,TRUE,MASK_NO_CACHE,,{},enable_masking,,{},[]
HOUSE,,{},FALSE,FALSE,FALSE,FALSE,FALSE,TRUE,MASK_NO_CACHE,,{},enable_masking,,{},[]
IDENTITY,,{},FALSE,FALSE,FALSE,FALSE,FALSE,TRUE,MASK_NO_CACHE,,{},enable_masking,,{},[]
IP_ADDRESS,RandomRegexGenerator.actor,"{""regex"":""^([0-9A-F]{2}[:-]){5}([0-9A-F]{2})$""}",TRUE,TRUE,FALSE,FALSE,FALSE,TRUE,MASK_NO_CACHE,,{},enable_masking,,{},[]
IRIS_PATTERNS,,{},FALSE,FALSE,FALSE,FALSE,FALSE,TRUE,MASK_NO_CACHE,,{},enable_masking,,{},[]
KEY,,{},FALSE,FALSE,FALSE,FALSE,FALSE,TRUE,MASK_NO_CACHE,,{},enable_masking,,{},[]
LANGUAGE,RandomFromCollection.actor,"{""collection"":[""English"",""French"",""Spanish"",""Portuguese""]}",FALSE,FALSE,FALSE,FALSE,FALSE,TRUE,MASK_NO_CACHE,,{},enable_masking,,{},[]
LAST_NAME,RandomFromCollection.actor,"{""collection"":[""Garcia"",""Mckay"",""Gilbert"",""Huber"",""Bates"",""Potter"",""Nielsen"",""Hess"",""Tanner"",""Kramer"",""Morin"",""Henry"",""Emerson"",""Rasmussen"",""Daniels"",""Ramos"",""Travis"",""Noel"",""Herring"",""Noel"",""Simpson"",""Lynn"",""Reese"",""Lester"",""Malone"",""Emerson"",""Olson"",""Schmidt"",""Hayes"",""Petersen"",""Ingram"",""Newton"",""Forbes"",""Melendez"",""Cooley"",""Sherman"",""Singleton"",""Dotson"",""Wilcox"",""Arnold"",""Lyons"",""Sellers"",""Mann"",""David"",""Taylor"",""Freeman"",""Curry"",""Pace"",""Keith"",""Maynard"",""Randall"",""Gibson"",""Woodard"",""Blankenship"",""Holland"",""Dillard"",""Duncan"",""Holder"",""Anthony"",""Justice"",""Rivas"",""Murphy"",""Strong"",""Hamilton"",""Benson"",""Hardin"",""Navarro"",""Mendoza"",""Cruz"",""Owen"",""Mcfadden"",""Frank"",""Villarreal"",""Dale"",""Tate"",""French"",""Miller"",""Mcknight"",""Stone"",""Barlow"",""Whitley"",""Sanchez"",""Andrews"",""Ingram"",""Cooley"",""Olsen"",""Frank"",""Merrill"",""Rojas"",""Dorsey"",""Alvarado"",""Vang"",""Rosa"",""Fuentes"",""Anderson"",""Baker"",""Bryan"",""Larson"",""Floyd"",""Velasquez""]}",FALSE,FALSE,FALSE,FALSE,FALSE,TRUE,MASK_NO_CACHE,,{},enable_masking,,{},[]
LATITUDE,,{},FALSE,FALSE,FALSE,FALSE,FALSE,TRUE,MASK_NO_CACHE,,{},enable_masking,,{},[]
LICENSE_KEY,,{},FALSE,FALSE,FALSE,FALSE,FALSE,TRUE,MASK_NO_CACHE,,{},enable_masking,,{},[]
LINE,,{},FALSE,FALSE,FALSE,FALSE,FALSE,TRUE,MASK_NO_CACHE,,{},enable_masking,,{},[]
LONGITUDE,,{},FALSE,FALSE,FALSE,FALSE,FALSE,TRUE,MASK_NO_CACHE,,{},enable_masking,,{},[]
LOT,,{},FALSE,FALSE,FALSE,FALSE,FALSE,TRUE,MASK_NO_CACHE,,{},enable_masking,,{},[]
MAC_ADDRESS,RandomRegexGenerator.actor,"{""regex"":""^([0-9A-F]{2}[:-]){5}([0-9A-F]{2})$""}",TRUE,TRUE,FALSE,FALSE,FALSE,TRUE,MASK_NO_CACHE,,{},enable_masking,,{},[]
MIDDLE_NAME,RandomString.actor,"{""minLength"":5,""maxLength"":10}",FALSE,FALSE,FALSE,FALSE,FALSE,TRUE,MASK_NO_CACHE,,{},enable_masking,,{},"[{""actorInputName"":""maxLength"",""catalogProperty"":""maximumValue""},{""actorInputName"":""minLength"",""catalogProperty"":""minimumValue""}]"
NAME,RandomString.actor,"{""maxLength"":20,""minLength"":10}",FALSE,FALSE,FALSE,FALSE,FALSE,TRUE,MASK_NO_CACHE,,{},enable_masking,,{},"[{""actorInputName"":""maxLength"",""catalogProperty"":""maximumValue""},{""actorInputName"":""minLength"",""catalogProperty"":""minimumValue""}]"
NATIONAL_ID,,{},FALSE,FALSE,FALSE,FALSE,FALSE,TRUE,MASK_NO_CACHE,,{},enable_masking,,{},[]
NOTES,,{},FALSE,FALSE,FALSE,FALSE,FALSE,TRUE,MASK_NO_CACHE,,{},enable_masking,,{},[]
OCCUPATION,,{},FALSE,FALSE,FALSE,FALSE,FALSE,TRUE,MASK_NO_CACHE,,{},enable_masking,,{},[]
ORIGIN,,{},FALSE,FALSE,FALSE,FALSE,FALSE,TRUE,MASK_NO_CACHE,,{},enable_masking,,{},[]
OWNER,,{},FALSE,FALSE,FALSE,FALSE,FALSE,TRUE,MASK_NO_CACHE,,{},enable_masking,,{},[]
PASSPORT,,{},FALSE,FALSE,FALSE,FALSE,FALSE,TRUE,MASK_NO_CACHE,,{},enable_masking,,{},[]
PASSWORD,,{},FALSE,FALSE,FALSE,FALSE,FALSE,TRUE,MASK_NO_CACHE,,{},enable_masking,,{},[]
PAYMENT_CODE,,{},FALSE,FALSE,FALSE,FALSE,FALSE,TRUE,MASK_NO_CACHE,,{},enable_masking,,{},[]
PHOTOGRAPHS,,{},FALSE,FALSE,FALSE,FALSE,FALSE,TRUE,MASK_NO_CACHE,,{},enable_masking,,{},[]
PIN,,{},FALSE,FALSE,FALSE,FALSE,FALSE,TRUE,MASK_NO_CACHE,,{},enable_masking,,{},[]
POSTAL_CODE,RandomRegexGenerator.actor,"{""regex"":""^\\d{5}(-\\d{4})?$""}",FALSE,FALSE,FALSE,FALSE,FALSE,TRUE,MASK_NO_CACHE,,{},enable_masking,,{},[]
RACE_ETHNICITY,RandomFromCollection.actor,"{""collection"":[""White"",""Black"",""African American"",""American Indian"",""Alaska Native"",""Asian"",""Hawaiian""]}",FALSE,FALSE,FALSE,FALSE,FALSE,TRUE,MASK_NO_CACHE,,{},enable_masking,,{},[]
REGION_ID,,{},FALSE,FALSE,FALSE,FALSE,FALSE,TRUE,MASK_NO_CACHE,,{},enable_masking,,{},[]
RELIGION,RandomFromCollection.actor,"{""collection"":[""Christian"",""Catholic"",""Jehovah's Witness"",""Jewish"",""Muslim"",""Buddhist"",""Hindu"",""Atheist"",""Agnostic""]}",FALSE,FALSE,FALSE,FALSE,FALSE,TRUE,MASK_NO_CACHE,,{},enable_masking,,{},[]
RETINA_SCANNING,,{},FALSE,FALSE,FALSE,FALSE,FALSE,TRUE,MASK_NO_CACHE,,{},enable_masking,,{},[]
RISK_SCORE,,{},FALSE,FALSE,FALSE,FALSE,FALSE,TRUE,MASK_NO_CACHE,,{},enable_masking,,{},[]
ROUTING_NUMBER,,{},FALSE,FALSE,FALSE,FALSE,FALSE,TRUE,MASK_NO_CACHE,,{},enable_masking,,{},[]
SERIAL_NUMBER,,{},FALSE,FALSE,FALSE,FALSE,FALSE,TRUE,MASK_NO_CACHE,,{},enable_masking,,{},[]
SIGNATURES,,{},FALSE,FALSE,FALSE,FALSE,FALSE,TRUE,MASK_NO_CACHE,,{},enable_masking,,{},[]
SIP_ADDRESS,,{},FALSE,FALSE,FALSE,FALSE,FALSE,TRUE,MASK_NO_CACHE,,{},enable_masking,,{},[]
SOCIAL_MEDIA,,{},FALSE,FALSE,FALSE,FALSE,FALSE,TRUE,MASK_NO_CACHE,,{},enable_masking,,{},[]
SOCIAL_SECURITY_NUMBER,RandomSSN.actor,"{""delimiter"":""-""}",TRUE,TRUE,FALSE,FALSE,FALSE,TRUE,MASK_NO_CACHE,,{},enable_masking,,{},[]
STATE,RandomRegexGenerator.actor,"{""regex"":""[A-Z]{2}""}",FALSE,FALSE,FALSE,FALSE,FALSE,TRUE,MASK_NO_CACHE,,{},enable_masking,,{},[]
STATEMENT,,{},FALSE,FALSE,FALSE,FALSE,FALSE,TRUE,MASK_NO_CACHE,,{},enable_masking,,{},[]
STATE_ID,,{},FALSE,FALSE,FALSE,FALSE,FALSE,TRUE,MASK_NO_CACHE,,{},enable_masking,,{},[]
STREET,RandomString.actor,"{""minLength"":10,""maxLength"":15}",FALSE,FALSE,FALSE,FALSE,FALSE,TRUE,MASK_NO_CACHE,,{},enable_masking,,{},"[{""actorInputName"":""maxLength"",""catalogProperty"":""maximumValue""},{""actorInputName"":""minLength"",""catalogProperty"":""minimumValue""}]"
TAX_ID,,{},FALSE,FALSE,FALSE,FALSE,FALSE,TRUE,MASK_NO_CACHE,,{},enable_masking,,{},[]
TELEPHONE_NUMBER,RandomRegexGenerator.actor,"{""regex"":""\\+1 \\([2-9][0-9]{2}\\)-[2-9][0-9]{2}-[0-9]{4}""}",FALSE,FALSE,FALSE,FALSE,FALSE,TRUE,MASK_NO_CACHE,,{},enable_masking,,{},[]
TSN,,{},FALSE,FALSE,FALSE,FALSE,FALSE,TRUE,MASK_NO_CACHE,,{},enable_masking,,{},[]
USERNAME,RandomString.actor,"{""maxLength"":12,""minLength"":6}",FALSE,FALSE,FALSE,FALSE,FALSE,TRUE,MASK_NO_CACHE,,{},enable_masking,,{},"[{""actorInputName"":""maxLength"",""catalogProperty"":""maximumValue""},{""actorInputName"":""minLength"",""catalogProperty"":""minimumValue""}]"
VIDEO,,{},FALSE,FALSE,FALSE,FALSE,FALSE,TRUE,MASK_NO_CACHE,,{},enable_masking,,{},[]
