dataPlatform,schema,dataset,class,field,sourceEntityType,sourceDataType,sourceNullable,columnSize,definedBy,pk,ordinalPosition,pii,classification,nullPercentage,refersTo,V1
LBSDummyC,Customer TS2-PP1,account,lbs_account,ACCOUNT_ID,Column,VARBINARY/BLOB,FALSE,10,,TRUE,,,,,,
LBSDummyC,Customer TS2-PP1,account,lbs_account,FULL_ACCOUNT_NUMBER,Column,VARCHAR,TRUE,10,,FALSE,,,,,,
LBSDummyC,Customer TS2-PP1,account,lbs_account,OWNER_ID,Column,UNIQUEID,FALSE,,,FALSE,,,,,,
LBSDummyC,Customer TS2-PP1,account,lbs_account,NAME,Column,VARCHAR,FALSE,100,,FALSE,,,,,,
LBSDummyC,Customer TS2-PP1,account,lbs_account,CREATED_BY,Column,UNIQUEID,TRUE,,,FALSE,,,,,,
LBSDummyC,Customer TS2-PP1,account,lbs_account,CREATED_ON,Column,DATETIME,TRUE,,,FALSE,,,,,,
LBSDummyC,Customer TS2-PP1,account,lbs_account,MODIFIED_ON,Column,DATETIME,TRUE,,,FALSE,,,,,,
LBSDummyC,Customer TS2-PP1,account,lbs_account,RECORD_STATUS_CODE,Column,INTEGER,FALSE,,,FALSE,,,,,,
LBSDummyC,Customer TS2-PP1,account,lbs_account,RECORD_UPDATE_REASON_CODE,Column,INTEGER,TRUE,,,FALSE,,,,,,
LBSDummyC,Customer TS2-PP1,account,lbs_account,MODIFIED_BY,Column,UNIQUEID,TRUE,,,FALSE,,,,,,
LBSDummyC,Customer TS2-PP1,account,lbs_account,SAVING_ACCOUNT_DETAIL_APP_ID_HOLDER,Column,VARCHAR,TRUE,100,,FALSE,,,,,,
LBSDummyC,Customer TS2-PP1,address,lbs_address,OWNER_ID,Column,UNIQUEID,TRUE,,,FALSE,,,,,,
LBSDummyC,Customer TS2-PP1,address,lbs_address,OVERSEAS_ADDRESS_LINE3,Column,NVARCHAR,TRUE,50,,FALSE,,,,,,
LBSDummyC,Customer TS2-PP1,address,lbs_address,BFPO_ADDRESS_UNIT,Column,NVARCHAR,TRUE,50,,FALSE,,,,,,
LBSDummyC,Customer TS2-PP1,address,lbs_address,CREATED_BY,Column,UNIQUEID,TRUE,,,FALSE,,,,,,
LBSDummyC,Customer TS2-PP1,address,lbs_address,MODIFIED_BY,Column,UNIQUEID,TRUE,,,FALSE,,,,,,
LBSDummyC,Customer TS2-PP1,address,lbs_address,BFPO_ADDRESS_CARE_OF_SURNAME,Column,NVARCHAR,TRUE,60,,FALSE,,,,,,
LBSDummyC,Customer TS2-PP1,address,lbs_address,UK_ADDRESS_COUNTY,Column,NVARCHAR,TRUE,30,,FALSE,,,,,,
LBSDummyC,Customer TS2-PP1,address,lbs_address,CREATED_ON,Column,DATETIME,FALSE,,,FALSE,,,,,,
LBSDummyC,Customer TS2-PP1,address,lbs_address,RECORD_STATUS_CODE,Column,INTEGER,FALSE,,,FALSE,,,,,,
LBSDummyC,Customer TS2-PP1,address,lbs_address,UK_ADDRESS_FLAT,Column,NVARCHAR,TRUE,50,,FALSE,,,,,,
LBSDummyC,Customer TS2-PP1,address,lbs_address,OVERSEAS_ADDRESS_LINE2,Column,NVARCHAR,TRUE,50,,FALSE,,,,,,
LBSDummyC,Customer TS2-PP1,address,lbs_address,BFPO_ADDRESS_RANK,Column,NVARCHAR,TRUE,50,,FALSE,,,,,,
LBSDummyC,Customer TS2-PP1,address,lbs_address,UK_ADDRESS_TOWN,Column,NVARCHAR,TRUE,30,,FALSE,,,,,,
LBSDummyC,Customer TS2-PP1,address,lbs_address,CUSTOMER_SYSTEM_ID,Column,VARBINARY/BLOB,TRUE,18,,FALSE,,,,,,
LBSDummyC,Customer TS2-PP1,address,lbs_address,UK_ADDRESS_END_DATE,Column,DATETIME,FALSE,,,FALSE,,,,,,
LBSDummyC,Customer TS2-PP1,address,lbs_address,RECORD_UPDATE_REASON_CODE,Column,INTEGER,FALSE,,,FALSE,,,,,,
LBSDummyC,Customer TS2-PP1,address,lbs_address,OVERSEAS_ADDRESS_LINE4,Column,NVARCHAR,TRUE,50,,FALSE,,,,,,
LBSDummyC,Customer TS2-PP1,address,lbs_address,MODIFIED_ON,Column,DATETIME,FALSE,,,FALSE,,,,,,
LBSDummyC,Customer TS2-PP1,address,lbs_address,UK_ADDRESS_START_DATE,Column,DATETIME,FALSE,,,FALSE,,,,,,
LBSDummyC,Customer TS2-PP1,address,lbs_address,UK_ADDRESS_BUILDING_NUMBER,Column,NVARCHAR,TRUE,5,,FALSE,,,,,,
LBSDummyC,Customer TS2-PP1,address,lbs_address,UK_ADDRESS_STREET,Column,NVARCHAR,TRUE,50,,FALSE,,,,,,
LBSDummyC,Customer TS2-PP1,address,lbs_address,UK_ADDRESS_POST_CODE,Column,NVARCHAR,TRUE,10,,FALSE,,,,,,
LBSDummyC,Customer TS2-PP1,address,lbs_address,OVERSEAS_ADDRESS_LINE1,Column,NVARCHAR,TRUE,50,,FALSE,,,,,,
LBSDummyC,Customer TS2-PP1,address,lbs_address,ADDRESS_SYSTEM_ID,Column,VARBINARY/BLOB,FALSE,18,,TRUE,,,,,,
LBSDummyC,Customer TS2-PP1,address,lbs_address,ADDRESS_TYPE_CODE,Column,INTEGER,FALSE,,,FALSE,,,,,,
LBSDummyC,Customer TS2-PP1,address,lbs_address,BFPO_ADDRESS_SERVICE_NUMBER,Column,NVARCHAR,TRUE,50,,FALSE,,,,,,
LBSDummyC,Customer TS2-PP1,address,lbs_address,BFPO_ADDRESS_OPERATION_NAME,Column,NVARCHAR,TRUE,30,,FALSE,,,,,,
LBSDummyC,Customer TS2-PP1,address,lbs_address,UK_ADDRESS_BUILDING_NAME,Column,NVARCHAR,TRUE,36,,FALSE,,,,,,
LBSDummyC,Customer TS2-PP1,address,lbs_address,BFPO_ADDRESS_BFPO_NUMBER,Column,NVARCHAR,TRUE,10,,FALSE,,,,,,
LBSDummyC,Customer TS2-PP1,address,lbs_address,UK_ADDRESS_DISTRICT,Column,NVARCHAR,TRUE,50,,FALSE,,,,,,
LBSDummyC,Customer TS2-PP1,address,lbs_address,ADDRESS_USE_CODE,Column,INTEGER,FALSE,,,FALSE,,,,,,
LBSDummyC,Customer TS2-PP1,address,lbs_address,LBS_NAME,Column,NVARCHAR,FALSE,100,,FALSE,,,,,,
LBSDummyC,Customer TS2-PP1,address,lbs_address,UK_ADDRESS_COUNTRY_ID,Column,VARBINARY/BLOB,TRUE,18,,FALSE,,,,,,
LBSDummyC,Customer TS2-PP1,address,lbs_address,OVERSEAS_ADDRESS_COUNTRY_ID,Column,VARBINARY/BLOB,TRUE,18,,FALSE,,,,,,
LBSDummyC,Customer TS2-PP1,contact,Contact,CREATED_BY,Column,UNIQUEID,TRUE,,,FALSE,,,,,,
LBSDummyC,Customer TS2-PP1,contact,Contact,MODIFIED_BY,Column,UNIQUEID,TRUE,,,FALSE,,,,,,
LBSDummyC,Customer TS2-PP1,contact,Contact,OWNER_ID,Column,UNIQUEID,TRUE,,,FALSE,,,,,,
LBSDummyC,Customer TS2-PP1,contact,Contact,CORRESPONDENCE_UK_ADDRESS_DISTRICT,Column,NVARCHAR,TRUE,50,,FALSE,,,,,,
LBSDummyC,Customer TS2-PP1,contact,Contact,TITLE,Column,INTEGER,FALSE,,,FALSE,,,,,,
LBSDummyC,Customer TS2-PP1,contact,Contact,RESIDENTIAL_UK_ADDRESS_POST_CODE,Column,NVARCHAR,TRUE,10,,FALSE,,,,,,
LBSDummyC,Customer TS2-PP1,contact,Contact,CORRESPONDENCE_UK_ADDRESS_BUILDING_NAME,Column,NVARCHAR,TRUE,36,,FALSE,,,,,,
LBSDummyC,Customer TS2-PP1,contact,Contact,RESIDENTIAL_BFPO_ADDRESS_RANK,Column,NVARCHAR,TRUE,50,,FALSE,,,,,,
LBSDummyC,Customer TS2-PP1,contact,Contact,CORRESPONDENCE_UK_ADDRESS_TOWN,Column,NVARCHAR,TRUE,30,,FALSE,,,,,,
LBSDummyC,Customer TS2-PP1,contact,Contact,CORRESPONDENCE_OVERSEAS_ADDRESS_LINE2,Column,NVARCHAR,TRUE,50,,FALSE,,,,,,
LBSDummyC,Customer TS2-PP1,contact,Contact,RESIDENTIAL_ADDRESS_START_DATE,Column,DATETIME,FALSE,,,FALSE,,,,,,
LBSDummyC,Customer TS2-PP1,contact,Contact,FIRST_NAME,Column,NVARCHAR,FALSE,255,,FALSE,,,,,,
LBSDummyC,Customer TS2-PP1,contact,Contact,CUSTOMER_END_DATE,Column,DATETIME,TRUE,,,FALSE,,,,,,
LBSDummyC,Customer TS2-PP1,contact,Contact,INITIALS,Column,NVARCHAR,TRUE,7,,FALSE,,,,,,
LBSDummyC,Customer TS2-PP1,contact,Contact,EMAIL_ADDRESS1,Column,NVARCHAR,TRUE,255,,FALSE,,,,,,
LBSDummyC,Customer TS2-PP1,contact,Contact,CORRESPONDENCE_UK_ADDRESS_COUNTRY_ID,Column,VARBINARY/BLOB,TRUE,18,,FALSE,,,,,,
LBSDummyC,Customer TS2-PP1,contact,Contact,RESIDENTIAL_ADDRESS_TYPE_CODE,Column,INTEGER,FALSE,,,FALSE,,,,,,
LBSDummyC,Customer TS2-PP1,contact,Contact,MARITAL_STATUS_CODE,Column,INTEGER,TRUE,,,FALSE,,,,,,
LBSDummyC,Customer TS2-PP1,contact,Contact,RESIDENTIAL_OVERSEAS_ADDRESS_LINE4,Column,NVARCHAR,TRUE,50,,FALSE,,,,,,
LBSDummyC,Customer TS2-PP1,contact,Contact,CONTACT_ID,Column,VARBINARY/BLOB,FALSE,18,,TRUE,,,,,,
LBSDummyC,Customer TS2-PP1,contact,Contact,ELECTRONIC_IDENTIFICATION_STATUS,Column,INTEGER,FALSE,,,FALSE,,,,,,
LBSDummyC,Customer TS2-PP1,contact,Contact,RESIDENTIAL_BFPO_ADDRESS_SERVICE_NUMBER,Column,NVARCHAR,TRUE,50,,FALSE,,,,,,
LBSDummyC,Customer TS2-PP1,contact,Contact,CUSTOMER_START_DATE,Column,DATETIME,FALSE,,,FALSE,,,,,,
LBSDummyC,Customer TS2-PP1,contact,Contact,EMPLOYMENT_STATUS_ID,Column,VARBINARY/BLOB,TRUE,18,,FALSE,,,,,,
LBSDummyC,Customer TS2-PP1,contact,Contact,CORRESPONDENCE_ADDRESS_START_DATE,Column,DATETIME,FALSE,,,FALSE,,,,,,
LBSDummyC,Customer TS2-PP1,contact,Contact,EXTENSION_CODE,Column,NVARCHAR,TRUE,20,,FALSE,,,,,,
LBSDummyC,Customer TS2-PP1,contact,Contact,CORRESPONDENCE_ADDRESS_SAME_AS_CURRENT_RESIDENTIAL,Column,BIT,TRUE,,,FALSE,,,,,,
LBSDummyC,Customer TS2-PP1,contact,Contact,CORRESPONDENCE_ADDRESS_END_DATE,Column,DATETIME,TRUE,,,FALSE,,,,,,
LBSDummyC,Customer TS2-PP1,contact,Contact,RESIDENTIAL_UK_ADDRESS_COUNTY,Column,NVARCHAR,TRUE,30,,FALSE,,,,,,
LBSDummyC,Customer TS2-PP1,contact,Contact,NATIONALITY_ID,Column,NVARCHAR,TRUE,255,,FALSE,,,,,,
LBSDummyC,Customer TS2-PP1,contact,Contact,CREATED_ON,Column,DATETIME,FALSE,,,FALSE,,,,,,
LBSDummyC,Customer TS2-PP1,contact,Contact,CORRESPONDENCE_UK_ADDRESS_STREET,Column,NVARCHAR,TRUE,50,,FALSE,,,,,,
LBSDummyC,Customer TS2-PP1,contact,Contact,PRONOUN,Column,INTEGER,TRUE,,,FALSE,,,,,,
LBSDummyC,Customer TS2-PP1,contact,Contact,LBS_COLLEAGUE_FLAG,Column,BIT,TRUE,,,FALSE,,,,,,
LBSDummyC,Customer TS2-PP1,contact,Contact,RESIDENTIAL_UK_ADDRESS_TOWN,Column,NVARCHAR,TRUE,30,,FALSE,,,,,,
LBSDummyC,Customer TS2-PP1,contact,Contact,ANNUAL_INCOME,Column,DECIMAL,TRUE,18,,FALSE,,,,,,
LBSDummyC,Customer TS2-PP1,contact,Contact,CORRESPONDENCE_BFPO_ADDRESS_UNIT,Column,NVARCHAR,TRUE,50,,FALSE,,,,,,
LBSDummyC,Customer TS2-PP1,contact,Contact,CORRESPONDENCE_OVERSEAS_ADDRESS_LINE1,Column,NVARCHAR,TRUE,50,,FALSE,,,,,,
LBSDummyC,Customer TS2-PP1,contact,Contact,RESIDENTIAL_ADDRESS_END_DATE,Column,DATETIME,TRUE,,,FALSE,,,,,,
LBSDummyC,Customer TS2-PP1,contact,Contact,CORRESPONDENCE_OVERSEAS_ADDRESS_LINE3,Column,NVARCHAR,TRUE,50,,FALSE,,,,,,
LBSDummyC,Customer TS2-PP1,contact,Contact,CUSTOMER_AGE,Column,VARCHAR,TRUE,4000,,FALSE,,,,,,
LBSDummyC,Customer TS2-PP1,contact,Contact,RESIDENTIAL_UK_ADDRESS_BUILDING_NUMBER,Column,NVARCHAR,TRUE,5,,FALSE,,,,,,
LBSDummyC,Customer TS2-PP1,contact,Contact,CORRESPONDENCE_UK_ADDRESS_COUNTY,Column,NVARCHAR,TRUE,30,,FALSE,,,,,,
LBSDummyC,Customer TS2-PP1,contact,Contact,CURRENT_OCCUPATION_ID,Column,VARBINARY/BLOB,FALSE,18,,FALSE,,,,,,
LBSDummyC,Customer TS2-PP1,contact,Contact,CORRESPONDENCE_BFPO_ADDRESS_CARE_OF_SURNAME,Column,NVARCHAR,TRUE,60,,FALSE,,,,,,
LBSDummyC,Customer TS2-PP1,contact,Contact,RESIDENTIAL_UK_ADDRESS_STREET,Column,NVARCHAR,TRUE,50,,FALSE,,,,,,
LBSDummyC,Customer TS2-PP1,contact,Contact,DATE_OF_BIRTH,Column,DATETIME,FALSE,,,FALSE,,,,,,
LBSDummyC,Customer TS2-PP1,contact,Contact,YEARS_UNTIL_RETIREMENT,Column,NVARCHAR,TRUE,4000,,FALSE,,,,,,
LBSDummyC,Customer TS2-PP1,contact,Contact,RESIDENTIAL_UK_ADDRESS_DISTRICT,Column,NVARCHAR,TRUE,50,,FALSE,,,,,,
LBSDummyC,Customer TS2-PP1,contact,Contact,HOME_TELEPHONE_NUMBER,Column,NVARCHAR,TRUE,20,,FALSE,,,,,,
LBSDummyC,Customer TS2-PP1,contact,Contact,RESIDENTIAL_BFPO_ADDRESS_BFPO_NUMBER,Column,NVARCHAR,TRUE,10,,FALSE,,,,,,
LBSDummyC,Customer TS2-PP1,contact,Contact,DIALING_CODE_WORK,Column,CHAR,TRUE,4,,FALSE,,,,,,
LBSDummyC,Customer TS2-PP1,contact,Contact,DIALING_CODE_HOME,Column,CHAR,TRUE,4,,FALSE,,,,,,
LBSDummyC,Customer TS2-PP1,contact,Contact,TOWN_OF_BIRTH,Column,NVARCHAR,TRUE,30,,FALSE,,,,,,
LBSDummyC,Customer TS2-PP1,contact,Contact,CUSTOMER_NUMBER,Column,VARCHAR,FALSE,10,,FALSE,,,,,,
LBSDummyC,Customer TS2-PP1,contact,Contact,RESIDENTIAL_BFPO_ADDRESS_CARE_OF_SURNAME,Column,NVARCHAR,TRUE,60,,FALSE,,,,,,
LBSDummyC,Customer TS2-PP1,contact,Contact,CORRESPONDENCE_UK_ADDRESS_FLAT,Column,NVARCHAR,TRUE,50,,FALSE,,,,,,
LBSDummyC,Customer TS2-PP1,contact,Contact,CORRESPONDENCE_BFPO_ADDRESS_SERVICE_NUMBER,Column,NVARCHAR,TRUE,50,,FALSE,,,,,,
LBSDummyC,Customer TS2-PP1,contact,Contact,CORRESPONDENCE_BFPO_ADDRESS_BFPO_NUMBER,Column,NVARCHAR,TRUE,10,,FALSE,,,,,,
LBSDummyC,Customer TS2-PP1,contact,Contact,CORRESPONDENCE_ADDRESS_TYPE_CODE,Column,INTEGER,FALSE,,,FALSE,,,,,,
LBSDummyC,Customer TS2-PP1,contact,Contact,GENDER_CODE,Column,INTEGER,TRUE,,,FALSE,,,,,,
LBSDummyC,Customer TS2-PP1,contact,Contact,RESIDENTIAL_UK_ADDRESS_FLAT,Column,NVARCHAR,TRUE,50,,FALSE,,,,,,
LBSDummyC,Customer TS2-PP1,contact,Contact,MOBILE_PHONE,Column,NVARCHAR,TRUE,20,,FALSE,,,,,,
LBSDummyC,Customer TS2-PP1,contact,Contact,RECORD_STATUS_CODE,Column,INTEGER,FALSE,,,FALSE,,,,,,
LBSDummyC,Customer TS2-PP1,contact,Contact,RESIDENTIAL_OVERSEAS_ADDRESS_LINE2,Column,NVARCHAR,TRUE,50,,FALSE,,,,,,
LBSDummyC,Customer TS2-PP1,contact,Contact,CORRESPONDENCE_BFPO_ADDRESS_OPERATION_NAME,Column,NVARCHAR,TRUE,30,,FALSE,,,,,,
LBSDummyC,Customer TS2-PP1,contact,Contact,RESIDENTIAL_OVERSEAS_ADDRESS_LINE1,Column,NVARCHAR,TRUE,50,,FALSE,,,,,,
LBSDummyC,Customer TS2-PP1,contact,Contact,RESIDENTIAL_OVERSEAS_ADDRESS_LINE3,Column,NVARCHAR,TRUE,50,,FALSE,,,,,,
LBSDummyC,Customer TS2-PP1,contact,Contact,RECORD_UPDATE_REASON_CODE,Column,INTEGER,FALSE,,,FALSE,,,,,,
LBSDummyC,Customer TS2-PP1,contact,Contact,RESIDENTIAL_BFPO_ADDRESS_OPERATION_NAME,Column,NVARCHAR,TRUE,30,,FALSE,,,,,,
LBSDummyC,Customer TS2-PP1,contact,Contact,OTHER_NAMES,Column,NVARCHAR,TRUE,255,,FALSE,,,,,,
LBSDummyC,Customer TS2-PP1,contact,Contact,COUNTRY_OF_BIRTH_ID,Column,VARBINARY/BLOB,TRUE,18,,FALSE,,,,,,
LBSDummyC,Customer TS2-PP1,contact,Contact,RESIDENTIAL_UK_ADDRESS_BUILDING_NAME,Column,NVARCHAR,TRUE,36,,FALSE,,,,,,
LBSDummyC,Customer TS2-PP1,contact,Contact,CORRESPONDENCE_BFPO_ADDRESS_RANK,Column,NVARCHAR,TRUE,50,,FALSE,,,,,,
LBSDummyC,Customer TS2-PP1,contact,Contact,MODIFIED_ON,Column,DATETIME,FALSE,,,FALSE,,,,,,
LBSDummyC,Customer TS2-PP1,contact,Contact,WORK_TELEPHONE_NUMBER,Column,NVARCHAR,TRUE,20,,FALSE,,,,,,
LBSDummyC,Customer TS2-PP1,contact,Contact,NI_NUMBER,Column,NVARCHAR,TRUE,9,,FALSE,,,,,,
LBSDummyC,Customer TS2-PP1,contact,Contact,CORRESPONDENCE_UK_ADDRESS_POST_CODE,Column,NVARCHAR,TRUE,10,,FALSE,,,,,,
LBSDummyC,Customer TS2-PP1,contact,Contact,CORRESPONDENCE_UK_ADDRESS_BUILDING_NUMBER,Column,NVARCHAR,TRUE,5,,FALSE,,,,,,
LBSDummyC,Customer TS2-PP1,contact,Contact,RESIDENTIAL_BFPO_ADDRESS_UNIT,Column,NVARCHAR,TRUE,50,,FALSE,,,,,,
LBSDummyC,Customer TS2-PP1,contact,Contact,CORRESPONDENCE_OVERSEAS_ADDRESS_LINE4,Column,NVARCHAR,TRUE,50,,FALSE,,,,,,
LBSDummyC,Customer TS2-PP1,contact,Contact,RESIDENTIAL_UK_ADDRESS_COUNTRY_ID,Column,VARBINARY/BLOB,TRUE,18,,FALSE,,,,,,
LBSDummyC,Customer TS2-PP1,contact,Contact,ELECTRONIC_IDENTIFICATION_DATE,Column,DATETIME,TRUE,,,FALSE,,,,,,
LBSDummyC,Customer TS2-PP1,contact,Contact,MIDDLE_NAME,Column,NVARCHAR,TRUE,255,,FALSE,,,,,,
LBSDummyC,Customer TS2-PP1,contact,Contact,SURNAME,Column,NVARCHAR,FALSE,255,,FALSE,,,,,,
LBSDummyC,Customer TS2-PP1,contact,Contact,DIALING_CODE_MOBILE,Column,CHAR,TRUE,4,,FALSE,,,,,,
LBSDummyC,Customer TS2-PP1,contact,Contact,COLLEAGUE_STAFF_NUMBER,Column,VARCHAR,TRUE,10,,FALSE,,,,,,
LBSDummyC,Customer TS2-PP1,contact,Contact,RESIDENTIAL_ADDRESS_SAME_AS_SECURITY_ADDRESS,Column,BIT,TRUE,,,FALSE,,,,,,
LBSDummyC,Customer TS2-PP1,country,lbs_country,OWNER_ID,Column,VARBINARY/BLOB,FALSE,18,,FALSE,,,,,,
LBSDummyC,Customer TS2-PP1,country,lbs_country,COUNTRY_ID,Column,VARBINARY/BLOB,FALSE,18,,TRUE,,,,,,
LBSDummyC,Customer TS2-PP1,country,lbs_country,MODIFIED_BY,Column,VARBINARY/BLOB,FALSE,18,,FALSE,,,,,,
LBSDummyC,Customer TS2-PP1,country,lbs_country,CREATED_BY,Column,VARBINARY/BLOB,FALSE,18,,FALSE,,,,,,
LBSDummyC,Customer TS2-PP1,country,lbs_country,RECORD_STATUS_CODE,Column,INTEGER,FALSE,,,FALSE,,,,,,
LBSDummyC,Customer TS2-PP1,country,lbs_country,DIALING_CODE,Column,NVARCHAR,TRUE,6,,FALSE,,,,,,
LBSDummyC,Customer TS2-PP1,country,lbs_country,COUNTRY_CODE,Column,NVARCHAR,TRUE,3,,FALSE,,,,,,
LBSDummyC,Customer TS2-PP1,country,lbs_country,MODIFIED_ON,Column,DATETIME,FALSE,,,FALSE,,,,,,
LBSDummyC,Customer TS2-PP1,country,lbs_country,RECORD_UPDATE_REASON_CODE,Column,INTEGER,FALSE,,,FALSE,,,,,,
LBSDummyC,Customer TS2-PP1,country,lbs_country,CREATED_ON,Column,DATETIME,FALSE,,,FALSE,,,,,,
LBSDummyC,Customer TS2-PP1,country,lbs_country,COUNTRY_NAME,Column,NVARCHAR,FALSE,100,,FALSE,,,,,,
LBSDummyC,Customer TS2-PP1,country,lbs_country,SAVINGS_RESTRICTED,Column,BIT,TRUE,,,FALSE,,,,,,
LBSDummyC,Customer TS2-PP1,country,lbs_country,MORTGAGE_RESTRICTED,Column,BIT,TRUE,,,FALSE,,,,,,
LBSDummyC,Customer TS2-PP1,country,lbs_country,HIGH_RISK_JURISDICTION,Column,BIT,TRUE,,,FALSE,,,,,,
LBSDummyC,Customer TS2-PP1,customer_master_user,SystemUser,INVITE_STATUS_CODE,Column,INTEGER,TRUE,,,FALSE,,,,,,
LBSDummyC,Customer TS2-PP1,customer_master_user,SystemUser,DOMAIN_NAME,Column,NVARCHAR,TRUE,1024,,FALSE,,,,,,
LBSDummyC,Customer TS2-PP1,customer_master_user,SystemUser,AZURE_ACTIVE_DIRECTORY_OBJECT_ID,Column,VARBINARY/BLOB,TRUE,18,,FALSE,,,,,,
LBSDummyC,Customer TS2-PP1,customer_master_user,SystemUser,INTERNAL_EMAIL_ADDRESS,Column,NVARCHAR,TRUE,100,,FALSE,,,,,,
LBSDummyC,Customer TS2-PP1,customer_master_user,SystemUser,ACCESSMODE,Column,INTEGER,TRUE,,,FALSE,,,,,,
LBSDummyC,Customer TS2-PP1,customer_master_user,SystemUser,IS_DISABLED,Column,BIT,TRUE,,,FALSE,,,,,,
LBSDummyC,Customer TS2-PP1,customer_master_user,SystemUser,FULL_NAME,Column,NVARCHAR,TRUE,200,,FALSE,,,,,,
LBSDummyC,Customer TS2-PP1,customer_master_user,SystemUser,FIRST_NAME,Column,NVARCHAR,TRUE,256,,FALSE,,,,,,
LBSDummyC,Customer TS2-PP1,customer_master_user,SystemUser,PREFERRED_ADDRESS_CODE,Column,INTEGER,TRUE,,,FALSE,,,,,,
LBSDummyC,Customer TS2-PP1,customer_master_user,SystemUser,LAST_NAME,Column,NVARCHAR,TRUE,256,,FALSE,,,,,,
LBSDummyC,Customer TS2-PP1,customer_master_user,SystemUser,WINDOWS_LIVE_ID,Column,NVARCHAR,TRUE,1024,,FALSE,,,,,,
LBSDummyC,Customer TS2-PP1,customer_master_user,SystemUser,SYSTEM_USER_ID,Column,UNIQUEID,FALSE,,,TRUE,,,,,,
LBSDummyC,Customer TS2-PP1,customer_master_user,SystemUser,PREFERRED_PHONE_CODE,Column,INTEGER,TRUE,,,FALSE,,,,,,
LBSDummyC,Customer TS2-PP1,customer_master_user,SystemUser,LICENSE_TYPE,Column,INTEGER,TRUE,,,FALSE,,,,,,
LBSDummyC,Customer TS2-PP1,customer_master_user,SystemUser,PARENT_SYSTEM_USER_ID,Column,UNIQUEID,TRUE,,,FALSE,,,,,,
LBSDummyC,Customer TS2-PP1,edit_customer_details,lbs_editcustomerdetails,OWNER_ID,Column,UNIQUEID,TRUE,,,FALSE,,,,,,
LBSDummyC,Customer TS2-PP1,edit_customer_details,lbs_editcustomerdetails,CORRESPONDENCE_UK_ADDRESS_DISTRICT,Column,NVARCHAR,TRUE,50,,FALSE,,,,,,
LBSDummyC,Customer TS2-PP1,edit_customer_details,lbs_editcustomerdetails,CORRESPONDENCE_OVERSEAS_ADDRESS_LINE1,Column,NVARCHAR,TRUE,50,,FALSE,,,,,,
LBSDummyC,Customer TS2-PP1,edit_customer_details,lbs_editcustomerdetails,CORRESPONDENCE_OVERSEAS_ADDRESS_LINE2,Column,NVARCHAR,TRUE,50,,FALSE,,,,,,
LBSDummyC,Customer TS2-PP1,edit_customer_details,lbs_editcustomerdetails,TYPE_OF_EVIDENCE,Column,INTEGER,TRUE,,,FALSE,,,,,,
LBSDummyC,Customer TS2-PP1,edit_customer_details,lbs_editcustomerdetails,LOCK_PREVIOUS_STAGES,Column,BIT,TRUE,,,FALSE,,,,,,
LBSDummyC,Customer TS2-PP1,edit_customer_details,lbs_editcustomerdetails,CORRESPONDENCE_BFPO_ADDRESS_SERVICE_NUMBER,Column,NVARCHAR,TRUE,50,,FALSE,,,,,,
LBSDummyC,Customer TS2-PP1,edit_customer_details,lbs_editcustomerdetails,EMPLOYMENT_STATUS_ID,Column,VARBINARY/BLOB,TRUE,18,,FALSE,,,,,,
LBSDummyC,Customer TS2-PP1,edit_customer_details,lbs_editcustomerdetails,RESIDENTIAL_OVERSEAS_ADDRESS_LINE2,Column,NVARCHAR,TRUE,50,,FALSE,,,,,,
LBSDummyC,Customer TS2-PP1,edit_customer_details,lbs_editcustomerdetails,RESIDENTIAL_UK_ADDRESS_COUNTY,Column,NVARCHAR,TRUE,30,,FALSE,,,,,,
LBSDummyC,Customer TS2-PP1,edit_customer_details,lbs_editcustomerdetails,RESIDENTIAL_BFPO_ADDRESS_CARE_OF_SURNAME,Column,NVARCHAR,TRUE,60,,FALSE,,,,,,
LBSDummyC,Customer TS2-PP1,edit_customer_details,lbs_editcustomerdetails,WORK_TELEPHONE_NUMBER,Column,NVARCHAR,TRUE,20,,FALSE,,,,,,
LBSDummyC,Customer TS2-PP1,edit_customer_details,lbs_editcustomerdetails,MOBILE_PHONE,Column,NVARCHAR,TRUE,20,,FALSE,,,,,,
LBSDummyC,Customer TS2-PP1,edit_customer_details,lbs_editcustomerdetails,TYPE_OF_CHANGE,Column,INTEGER,TRUE,,,FALSE,,,,,,
LBSDummyC,Customer TS2-PP1,edit_customer_details,lbs_editcustomerdetails,TITLE,Column,INTEGER,TRUE,,,FALSE,,,,,,
LBSDummyC,Customer TS2-PP1,edit_customer_details,lbs_editcustomerdetails,CORRESPONDENCE_BFPO_ADDRESS_UNIT,Column,NVARCHAR,TRUE,50,,FALSE,,,,,,
LBSDummyC,Customer TS2-PP1,edit_customer_details,lbs_editcustomerdetails,CORRESPONDENCE_UK_ADDRESS_POST_CODE,Column,NVARCHAR,TRUE,10,,FALSE,,,,,,
LBSDummyC,Customer TS2-PP1,edit_customer_details,lbs_editcustomerdetails,NI_NUMBER,Column,NVARCHAR,TRUE,9,,FALSE,,,,,,
LBSDummyC,Customer TS2-PP1,edit_customer_details,lbs_editcustomerdetails,DATA_PRE_POPULATED,Column,BIT,TRUE,,,FALSE,,,,,,
LBSDummyC,Customer TS2-PP1,edit_customer_details,lbs_editcustomerdetails,HOME_TELEPHONE_NUMBER,Column,CHAR,TRUE,20,,FALSE,,,,,,
LBSDummyC,Customer TS2-PP1,edit_customer_details,lbs_editcustomerdetails,RESIDENTIAL_OVERSEAS_ADDRESS_LINE3,Column,NVARCHAR,TRUE,50,,FALSE,,,,,,
LBSDummyC,Customer TS2-PP1,edit_customer_details,lbs_editcustomerdetails,ANNUAL_INCOME,Column,DECIMAL,TRUE,18,,FALSE,,,,,,
LBSDummyC,Customer TS2-PP1,edit_customer_details,lbs_editcustomerdetails,SURNAME,Column,NVARCHAR,TRUE,255,,FALSE,,,,,,
LBSDummyC,Customer TS2-PP1,edit_customer_details,lbs_editcustomerdetails,CORRESPONDENCE_BFPO_ADDRESS_OPERATION_NAME,Column,NVARCHAR,TRUE,30,,FALSE,,,,,,
LBSDummyC,Customer TS2-PP1,edit_customer_details,lbs_editcustomerdetails,MODIFIED_ON,Column,DATETIME,FALSE,,,FALSE,,,,,,
LBSDummyC,Customer TS2-PP1,edit_customer_details,lbs_editcustomerdetails,RESIDENTIAL_UK_ADDRESS_BUILDING_NUMBER,Column,NVARCHAR,TRUE,5,,FALSE,,,,,,
LBSDummyC,Customer TS2-PP1,edit_customer_details,lbs_editcustomerdetails,RESIDENTIAL_BFPO_ADDRESS_RANK,Column,NVARCHAR,TRUE,50,,FALSE,,,,,,
LBSDummyC,Customer TS2-PP1,edit_customer_details,lbs_editcustomerdetails,EMAIL_ADDRESS1,Column,NVARCHAR,TRUE,255,,FALSE,,,,,,
LBSDummyC,Customer TS2-PP1,edit_customer_details,lbs_editcustomerdetails,RECORD_STATUS_CODE,Column,INTEGER,FALSE,,,FALSE,,,,,,
LBSDummyC,Customer TS2-PP1,edit_customer_details,lbs_editcustomerdetails,OTHER_EVIDENCE,Column,NVARCHAR,TRUE,50,,FALSE,,,,,,
LBSDummyC,Customer TS2-PP1,edit_customer_details,lbs_editcustomerdetails,RESIDENTIAL_BFPO_ADDRESS_UNIT,Column,NVARCHAR,TRUE,50,,FALSE,,,,,,
LBSDummyC,Customer TS2-PP1,edit_customer_details,lbs_editcustomerdetails,NATIONALITY_ID,Column,NVARCHAR,TRUE,255,,FALSE,,,,,,
LBSDummyC,Customer TS2-PP1,edit_customer_details,lbs_editcustomerdetails,CORRESPONDENCE_UK_ADDRESS_STREET,Column,NVARCHAR,TRUE,50,,FALSE,,,,,,
LBSDummyC,Customer TS2-PP1,edit_customer_details,lbs_editcustomerdetails,EDIT_CUSTOMER_DETAILS_ID,Column,VARBINARY/BLOB,FALSE,18,,TRUE,,,,,,
LBSDummyC,Customer TS2-PP1,edit_customer_details,lbs_editcustomerdetails,PREVIOUS_CORRESPONDENCE_ADDRESS_END_DATE,Column,DATETIME,TRUE,,,FALSE,,,,,,
LBSDummyC,Customer TS2-PP1,edit_customer_details,lbs_editcustomerdetails,PREVIOUS_RESIDENTIAL_ADDRESS_END_DATE,Column,DATETIME,TRUE,,,FALSE,,,,,,
LBSDummyC,Customer TS2-PP1,edit_customer_details,lbs_editcustomerdetails,MARITAL_STATUS_CODE,Column,INTEGER,TRUE,,,FALSE,,,,,,
LBSDummyC,Customer TS2-PP1,edit_customer_details,lbs_editcustomerdetails,CORRESPONDENCE_ADDRESS_TYPE_CODE,Column,INTEGER,FALSE,,,FALSE,,,,,,
LBSDummyC,Customer TS2-PP1,edit_customer_details,lbs_editcustomerdetails,RESIDENTIAL_UK_ADDRESS_DISTRICT,Column,NVARCHAR,TRUE,50,,FALSE,,,,,,
LBSDummyC,Customer TS2-PP1,edit_customer_details,lbs_editcustomerdetails,CORRESPONDENCE_ADDRESS_START_DATE,Column,DATETIME,TRUE,,,FALSE,,,,,,
LBSDummyC,Customer TS2-PP1,edit_customer_details,lbs_editcustomerdetails,CORRESPONDENCE_ADDRESS_SAME_AS_CURRENT_RESIDENTIAL,Column,BIT,TRUE,,,FALSE,,,,,,
LBSDummyC,Customer TS2-PP1,edit_customer_details,lbs_editcustomerdetails,REASON_FOR_CHANGE,Column,INTEGER,TRUE,,,FALSE,,,,,,
LBSDummyC,Customer TS2-PP1,edit_customer_details,lbs_editcustomerdetails,CORRESPONDENCE_UK_ADDRESS_FLAT,Column,NVARCHAR,TRUE,50,,FALSE,,,,,,
LBSDummyC,Customer TS2-PP1,edit_customer_details,lbs_editcustomerdetails,MIDDLE_NAME,Column,NVARCHAR,TRUE,255,,FALSE,,,,,,
LBSDummyC,Customer TS2-PP1,edit_customer_details,lbs_editcustomerdetails,LOCK_FIELDS_AFTER_COMMIT,Column,BIT,TRUE,,,FALSE,,,,,,
LBSDummyC,Customer TS2-PP1,edit_customer_details,lbs_editcustomerdetails,LBS_CUSTOMER_ID,Column,VARBINARY/BLOB,TRUE,18,,FALSE,,,,,,
LBSDummyC,Customer TS2-PP1,edit_customer_details,lbs_editcustomerdetails,RESIDENTIAL_UK_ADDRESS_BUILDING_NAME,Column,NVARCHAR,TRUE,36,,FALSE,,,,,,
LBSDummyC,Customer TS2-PP1,edit_customer_details,lbs_editcustomerdetails,FIRST_NAME,Column,NVARCHAR,TRUE,255,,FALSE,,,,,,
LBSDummyC,Customer TS2-PP1,edit_customer_details,lbs_editcustomerdetails,RECORD_UPDATE_REASON_CODE,Column,INTEGER,FALSE,,,FALSE,,,,,,
LBSDummyC,Customer TS2-PP1,edit_customer_details,lbs_editcustomerdetails,GENDER_CODE,Column,INTEGER,TRUE,,,FALSE,,,,,,
LBSDummyC,Customer TS2-PP1,edit_customer_details,lbs_editcustomerdetails,CORRESPONDENCE_UK_ADDRESS_BUILDING_NAME,Column,NVARCHAR,TRUE,36,,FALSE,,,,,,
LBSDummyC,Customer TS2-PP1,edit_customer_details,lbs_editcustomerdetails,RESIDENTIAL_BFPO_ADDRESS_BFPO_NUMBER,Column,NVARCHAR,TRUE,10,,FALSE,,,,,,
LBSDummyC,Customer TS2-PP1,edit_customer_details,lbs_editcustomerdetails,CORRESPONDENCE_UK_ADDRESS_TOWN,Column,NVARCHAR,TRUE,30,,FALSE,,,,,,
LBSDummyC,Customer TS2-PP1,edit_customer_details,lbs_editcustomerdetails,RESIDENTIAL_ADDRESS_TYPE_CODE,Column,INTEGER,FALSE,,,FALSE,,,,,,
LBSDummyC,Customer TS2-PP1,edit_customer_details,lbs_editcustomerdetails,RESIDENTIAL_OVERSEAS_ADDRESS_LINE4,Column,NVARCHAR,TRUE,50,,FALSE,,,,,,
LBSDummyC,Customer TS2-PP1,edit_customer_details,lbs_editcustomerdetails,RESIDENTIAL_UK_ADDRESS_POST_CODE,Column,NVARCHAR,TRUE,10,,FALSE,,,,,,
LBSDummyC,Customer TS2-PP1,edit_customer_details,lbs_editcustomerdetails,RESIDENTIAL_UK_ADDRESS_TOWN,Column,NVARCHAR,TRUE,30,,FALSE,,,,,,
LBSDummyC,Customer TS2-PP1,edit_customer_details,lbs_editcustomerdetails,RESIDENTIAL_OVERSEAS_ADDRESS_LINE1,Column,NVARCHAR,TRUE,50,,FALSE,,,,,,
LBSDummyC,Customer TS2-PP1,edit_customer_details,lbs_editcustomerdetails,CORRESPONDENCE_BFPO_ADDRESS_RANK,Column,NVARCHAR,TRUE,50,,FALSE,,,,,,
LBSDummyC,Customer TS2-PP1,edit_customer_details,lbs_editcustomerdetails,CORRESPONDENCE_UK_ADDRESS_COUNTY,Column,NVARCHAR,TRUE,30,,FALSE,,,,,,
LBSDummyC,Customer TS2-PP1,edit_customer_details,lbs_editcustomerdetails,MODIFIED_BY,Column,UNIQUEID,TRUE,,,FALSE,,,,,,
LBSDummyC,Customer TS2-PP1,edit_customer_details,lbs_editcustomerdetails,DATE_OF_BIRTH,Column,DATETIME,TRUE,,,FALSE,,,,,,
LBSDummyC,Customer TS2-PP1,edit_customer_details,lbs_editcustomerdetails,ELECTRONIC_IDENTIFICATION_STATUS,Column,INTEGER,FALSE,,,FALSE,,,,,,
LBSDummyC,Customer TS2-PP1,edit_customer_details,lbs_editcustomerdetails,COMMIT_CHANGES,Column,BIT,TRUE,,,FALSE,,,,,,
LBSDummyC,Customer TS2-PP1,edit_customer_details,lbs_editcustomerdetails,DIALING_CODE_HOME,Column,NVARCHAR,TRUE,4,,FALSE,,,,,,
LBSDummyC,Customer TS2-PP1,edit_customer_details,lbs_editcustomerdetails,RESIDENTIAL_UK_ADDRESS_FLAT,Column,NVARCHAR,TRUE,50,,FALSE,,,,,,
LBSDummyC,Customer TS2-PP1,edit_customer_details,lbs_editcustomerdetails,RESIDENTIAL_BFPO_ADDRESS_OPERATION_NAME,Column,NVARCHAR,TRUE,30,,FALSE,,,,,,
LBSDummyC,Customer TS2-PP1,edit_customer_details,lbs_editcustomerdetails,CORRESPONDENCE_OVERSEAS_ADDRESS_LINE4,Column,NVARCHAR,TRUE,50,,FALSE,,,,,,
LBSDummyC,Customer TS2-PP1,edit_customer_details,lbs_editcustomerdetails,LBS_COLLEAGUE_FLAG,Column,BIT,TRUE,,,FALSE,,,,,,
LBSDummyC,Customer TS2-PP1,edit_customer_details,lbs_editcustomerdetails,CREATED_BY,Column,UNIQUEID,TRUE,,,FALSE,,,,,,
LBSDummyC,Customer TS2-PP1,edit_customer_details,lbs_editcustomerdetails,DIALING_CODE_WORK,Column,NVARCHAR,TRUE,4,,FALSE,,,,,,
LBSDummyC,Customer TS2-PP1,edit_customer_details,lbs_editcustomerdetails,CORRESPONDENCE_BFPO_ADDRESS_BFPO_NUMBER,Column,NVARCHAR,TRUE,10,,FALSE,,,,,,
LBSDummyC,Customer TS2-PP1,edit_customer_details,lbs_editcustomerdetails,RESIDENTIAL_BFPO_ADDRESS_SERVICE_NUMBER,Column,NVARCHAR,TRUE,50,,FALSE,,,,,,
LBSDummyC,Customer TS2-PP1,edit_customer_details,lbs_editcustomerdetails,TOWN_OF_BIRTH,Column,NVARCHAR,TRUE,30,,FALSE,,,,,,
LBSDummyC,Customer TS2-PP1,edit_customer_details,lbs_editcustomerdetails,PREFERRED_NAME,Column,NVARCHAR,TRUE,255,,FALSE,,,,,,
LBSDummyC,Customer TS2-PP1,edit_customer_details,lbs_editcustomerdetails,RESIDENTIAL_UK_ADDRESS_STREET,Column,NVARCHAR,TRUE,50,,FALSE,,,,,,
LBSDummyC,Customer TS2-PP1,edit_customer_details,lbs_editcustomerdetails,EXTENSION_CODE,Column,NVARCHAR,TRUE,20,,FALSE,,,,,,
LBSDummyC,Customer TS2-PP1,edit_customer_details,lbs_editcustomerdetails,DIALING_CODE_MOBILE,Column,NVARCHAR,TRUE,4,,FALSE,,,,,,
LBSDummyC,Customer TS2-PP1,edit_customer_details,lbs_editcustomerdetails,CORRESPONDENCE_BFPO_ADDRESS_CARE_OF_SURNAME,Column,NVARCHAR,TRUE,60,,FALSE,,,,,,
LBSDummyC,Customer TS2-PP1,edit_customer_details,lbs_editcustomerdetails,PRONOUN,Column,INTEGER,TRUE,,,FALSE,,,,,,
LBSDummyC,Customer TS2-PP1,edit_customer_details,lbs_editcustomerdetails,CREATED_ON,Column,DATETIME,FALSE,,,FALSE,,,,,,
LBSDummyC,Customer TS2-PP1,edit_customer_details,lbs_editcustomerdetails,CORRESPONDENCE_UK_ADDRESS_BUILDING_NUMBER,Column,NVARCHAR,TRUE,5,,FALSE,,,,,,
LBSDummyC,Customer TS2-PP1,edit_customer_details,lbs_editcustomerdetails,CORRESPONDENCE_OVERSEAS_ADDRESS_LINE3,Column,NVARCHAR,TRUE,50,,FALSE,,,,,,
LBSDummyC,Customer TS2-PP1,edit_customer_details,lbs_editcustomerdetails,RESIDENTIAL_ADDRESS_START_DATE,Column,DATETIME,TRUE,,,FALSE,,,,,,
LBSDummyC,Customer TS2-PP1,edit_customer_details,lbs_editcustomerdetails,EDIT_INSTANCE_REFERENCE,Column,NVARCHAR,TRUE,100,,FALSE,,,,,,
LBSDummyC,Customer TS2-PP1,edit_customer_details,lbs_editcustomerdetails,COUNTRY_OF_BIRTH,Column,VARBINARY/BLOB,TRUE,18,,FALSE,,,,,,
LBSDummyC,Customer TS2-PP1,edit_customer_details,lbs_editcustomerdetails,COUNTRY_FOR_HOME_TELEPHONE_NUMBER,Column,VARBINARY/BLOB,TRUE,18,,FALSE,,,,,,
LBSDummyC,Customer TS2-PP1,edit_customer_details,lbs_editcustomerdetails,COUNTRY_FOR_MOBILE_TELEPHONE_NUMBER,Column,VARBINARY/BLOB,TRUE,18,,FALSE,,,,,,
LBSDummyC,Customer TS2-PP1,edit_customer_details,lbs_editcustomerdetails,COUNTRY_FOR_WORK_TELEPHONE_NUMBER,Column,VARBINARY/BLOB,TRUE,18,,FALSE,,,,,,
LBSDummyC,Customer TS2-PP1,edit_customer_details,lbs_editcustomerdetails,CORRESPONDENCE_UK_ADDRESS_COUNTRY_ID,Column,VARBINARY/BLOB,TRUE,18,,FALSE,,,,,,
LBSDummyC,Customer TS2-PP1,edit_customer_details,lbs_editcustomerdetails,RESIDENTIAL_UK_ADDRESS_COUNTRY_ID,Column,VARBINARY/BLOB,TRUE,18,,FALSE,,,,,,
LBSDummyC,Customer TS2-PP1,edit_customer_details,lbs_editcustomerdetails,CURRENT_OCCUPATION_ID,Column,VARBINARY/BLOB,TRUE,18,,FALSE,,,,,,
LBSDummyC,Customer TS2-PP1,employment_status,lbs_employmentstatus,CREATED_BY,Column,UNIQUEID,TRUE,,,FALSE,,,,,,
LBSDummyC,Customer TS2-PP1,employment_status,lbs_employmentstatus,EMPLOYMENT_STATUS_DESCRIPTION,Column,NVARCHAR,FALSE,100,,FALSE,,,,,,
LBSDummyC,Customer TS2-PP1,employment_status,lbs_employmentstatus,RECORD_UPDATE_REASON_CODE,Column,INTEGER,FALSE,,,FALSE,,,,,,
LBSDummyC,Customer TS2-PP1,employment_status,lbs_employmentstatus,OWNER_ID,Column,UNIQUEID,TRUE,,,FALSE,,,,,,
LBSDummyC,Customer TS2-PP1,employment_status,lbs_employmentstatus,EMPLOYMENT_STATUS_ID,Column,VARBINARY/BLOB,FALSE,18,,TRUE,,,,,,
LBSDummyC,Customer TS2-PP1,employment_status,lbs_employmentstatus,MODIFIED_ON,Column,DATETIME,FALSE,,,FALSE,,,,,,
LBSDummyC,Customer TS2-PP1,employment_status,lbs_employmentstatus,MODIFIED_BY,Column,UNIQUEID,TRUE,,,FALSE,,,,,,
LBSDummyC,Customer TS2-PP1,employment_status,lbs_employmentstatus,RECORD_STATUS_CODE,Column,INTEGER,FALSE,,,FALSE,,,,,,
LBSDummyC,Customer TS2-PP1,employment_status,lbs_employmentstatus,CREATED_ON,Column,DATETIME,FALSE,,,FALSE,,,,,,
LBSDummyC,Customer TS2-PP1,occupation,lbs_occupation,OCCUPATION_DESCRIPTION,Column,VARCHAR,FALSE,100,,FALSE,,,,,,
LBSDummyC,Customer TS2-PP1,occupation,lbs_occupation,CREATED_BY,Column,UNIQUEID,TRUE,,,FALSE,,,,,,
LBSDummyC,Customer TS2-PP1,occupation,lbs_occupation,CREATED_ON,Column,DATETIME,FALSE,,,FALSE,,,,,,
LBSDummyC,Customer TS2-PP1,occupation,lbs_occupation,MODIFIED_BY,Column,UNIQUEID,TRUE,,,FALSE,,,,,,
LBSDummyC,Customer TS2-PP1,occupation,lbs_occupation,RECORD_UPDATE_REASON_CODE,Column,INTEGER,FALSE,,,FALSE,,,,,,
LBSDummyC,Customer TS2-PP1,occupation,lbs_occupation,MODIFIED_ON,Column,DATETIME,FALSE,,,FALSE,,,,,,
LBSDummyC,Customer TS2-PP1,occupation,lbs_occupation,RECORD_STATUS_CODE,Column,INTEGER,FALSE,,,FALSE,,,,,,
LBSDummyC,Customer TS2-PP1,occupation,lbs_occupation,OCCUPATION_ID,Column,VARBINARY/BLOB,FALSE,18,,TRUE,,,,,,
LBSDummyC,Customer TS2-PP1,party_account_bridge,lbs_customeraccount,MODIFIED_BY,Column,UNIQUEID,TRUE,,,FALSE,,,,,,
LBSDummyC,Customer TS2-PP1,party_account_bridge,lbs_customeraccount,CUSTOMER_ACCOUNT_BRIDGE_ID,Column,VARBINARY/BLOB,FALSE,18,,TRUE,,,,,,
LBSDummyC,Customer TS2-PP1,party_account_bridge,lbs_customeraccount,RECORD_UPDATE_REASON_CODE,Column,INTEGER,FALSE,,,FALSE,,,,,,
LBSDummyC,Customer TS2-PP1,party_account_bridge,lbs_customeraccount,ACCOUNT_SUFFIX,Column,NVARCHAR,FALSE,2,,FALSE,,,,,,
LBSDummyC,Customer TS2-PP1,party_account_bridge,lbs_customeraccount,OWNER_ID,Column,UNIQUEID,TRUE,,,FALSE,,,,,,
LBSDummyC,Customer TS2-PP1,party_account_bridge,lbs_customeraccount,SORT_CODE,Column,NVARCHAR,FALSE,6,,FALSE,,,,,,
LBSDummyC,Customer TS2-PP1,party_account_bridge,lbs_customeraccount,HOLDER_TYPE,Column,INTEGER,FALSE,,,FALSE,,,,,,
LBSDummyC,Customer TS2-PP1,party_account_bridge,lbs_customeraccount,CREATED_BY,Column,UNIQUEID,TRUE,,,FALSE,,,,,,
LBSDummyC,Customer TS2-PP1,party_account_bridge,lbs_customeraccount,MODIFIED_ON,Column,DATETIME,FALSE,,,FALSE,,,,,,
LBSDummyC,Customer TS2-PP1,party_account_bridge,lbs_customeraccount,CUST_ACCOUNT_REF,Column,NVARCHAR,FALSE,100,,FALSE,,,,,,
LBSDummyC,Customer TS2-PP1,party_account_bridge,lbs_customeraccount,CREATED_ON,Column,DATETIME,FALSE,,,FALSE,,,,,,
LBSDummyC,Customer TS2-PP1,party_account_bridge,lbs_customeraccount,FULL_ACCOUNT_NUMBER,Column,NVARCHAR,FALSE,10,,FALSE,,,,,,
LBSDummyC,Customer TS2-PP1,party_account_bridge,lbs_customeraccount,RECORD_STATUS_CODE,Column,INTEGER,FALSE,,,FALSE,,,,,,
LBSDummyC,Customer TS2-PP1,party_account_bridge,lbs_customeraccount,CUSTOMER_SYSTEM_ID,Column,VARBINARY/BLOB,TRUE,18,,FALSE,,,,,,
LBSDummyC,Customer TS2-PP1,party_account_bridge,lbs_customeraccount,ACCOUNT_TYPE,Column,VARCHAR,TRUE,10,,FALSE,,,,,,
LBSDummyC,Customer TS2-PP1,party_account_bridge,lbs_customeraccount,CORRELATION_ID,Column,VARCHAR,FALSE,100,,FALSE,,,,,,
LBSDummyC,Customer TS2-PP1,party_account_bridge,lbs_customeraccount,START_DATE,Column,DATETIME,TRUE,,,FALSE,,,,,,
LBSDummyC,Customer TS2-PP1,party_account_bridge,lbs_customeraccount,END_DATE,Column,DATETIME,TRUE,,,FALSE,,,,,,
LBSDummyC,Customer TS2-PP1,party_account_bridge,lbs_customeraccount,ACCOUNT_NUMBER,Column,VARCHAR,FALSE,8,,FALSE,,,,,,
LBSDummyC,Customer TS2-PP1,party_account_bridge,lbs_customeraccount,RELATIONSHIP_TYPE,Column,INTEGER,TRUE,,,FALSE,,,,,,
LBSDummyC,Customer TS2-PP1,party_account_bridge,lbs_customeraccount,ACCOUNT_ID,Column,VARBINARY/BLOB,TRUE,10,,FALSE,,,,,,
LBSDummyC,Customer TS2-PP1,reference_data_catalog,lbs_datacatalog,DATA_CONSUMERS,Column,VARCHAR,TRUE,255,,FALSE,,,,,,
LBSDummyC,Customer TS2-PP1,reference_data_catalog,lbs_datacatalog,DATA_TABLE_SECONDARY_OWNER,Column,UNIQUEID,TRUE,,,FALSE,,,,,,
LBSDummyC,Customer TS2-PP1,reference_data_catalog,lbs_datacatalog,OWNER_ID,Column,UNIQUEID,TRUE,,,FALSE,,,,,,
LBSDummyC,Customer TS2-PP1,reference_data_catalog,lbs_datacatalog,DATA_TABLE_PRIMARY_OWNER,Column,UNIQUEID,TRUE,,,FALSE,,,,,,
LBSDummyC,Customer TS2-PP1,reference_data_catalog,lbs_datacatalog,DATA_TABLE_LINK,Column,VARCHAR,TRUE,2048,,FALSE,,,,,,
LBSDummyC,Customer TS2-PP1,reference_data_catalog,lbs_datacatalog,DATA_DOMAIN,Column,INTEGER,TRUE,,,FALSE,,,,,,
LBSDummyC,Customer TS2-PP1,reference_data_catalog,lbs_datacatalog,DATA_ENTITY,Column,INTEGER,FALSE,,,FALSE,,,,,,
LBSDummyC,Customer TS2-PP1,reference_data_catalog,lbs_datacatalog,FOREIGN_KEYS,Column,VARCHAR,TRUE,255,,FALSE,,,,,,
LBSDummyC,Customer TS2-PP1,reference_data_catalog,lbs_datacatalog,INDEXES,Column,VARCHAR,TRUE,255,,FALSE,,,,,,
LBSDummyC,Customer TS2-PP1,reference_data_catalog,lbs_datacatalog,DATA_STORED_LOCATION,Column,INTEGER,FALSE,,,FALSE,,,,,,
LBSDummyC,Customer TS2-PP1,reference_data_catalog,lbs_datacatalog,LBS_PRIMARYKEY,Column,VARCHAR,TRUE,255,,FALSE,,,,,,
LBSDummyC,Customer TS2-PP1,reference_data_catalog,lbs_datacatalog,LBS_REFERENTIALINTEGRITY,Column,VARCHAR,TRUE,255,,FALSE,,,,,,
LBSDummyC,Customer TS2-PP1,reference_data_catalog,lbs_datacatalog,LBS_SECURITYCLASSIFICATION,Column,INTEGER,FALSE,,,FALSE,,,,,,
LBSDummyC,Customer TS2-PP1,reference_data_catalog,lbs_datacatalog,LBS_SUBSCRIPTION_DETAILS,Column,VARCHAR,TRUE,255,,FALSE,,,,,,
LBSDummyC,Customer TS2-PP1,reference_data_catalog,lbs_datacatalog,LBS_TABLE_CONSTRAINTS,Column,VARCHAR,TRUE,255,,FALSE,,,,,,
LBSDummyC,Customer TS2-PP1,reference_data_catalog,lbs_datacatalog,LBS_TABLE_DESCRIPTION,Column,VARCHAR,TRUE,255,,FALSE,,,,,,
LBSDummyC,Customer TS2-PP1,reference_data_catalog,lbs_datacatalog,LBS_TABLE_NAME,Column,VARCHAR,FALSE,255,,FALSE,,,,,,
LBSDummyC,Customer TS2-PP1,reference_data_catalog,lbs_datacatalog,REFERENCE_DATA_CATALOG_ID,Column,UNIQUEID,FALSE,,,TRUE,,,,,,
LBSDummyC,Customer TS2-PP1,reference_data_catalog,lbs_datacatalog,CREATED_BY,Column,UNIQUEID,TRUE,,,FALSE,,,,,,
LBSDummyC,Customer TS2-PP1,reference_data_catalog,lbs_datacatalog,MODIFIED_BY,Column,UNIQUEID,TRUE,,,FALSE,,,,,,
LBSDummyC,Customer TS2-PP1,reference_data_catalog,lbs_datacatalog,CREATED_ON,Column,DATETIME,TRUE,,,FALSE,,,,,,
LBSDummyC,Customer TS2-PP1,reference_data_catalog,lbs_datacatalog,MODIFIED_ON,Column,DATETIME,TRUE,,,FALSE,,,,,,
LBSDummyC,Customer TS2-PP1,reference_data_catalog,lbs_datacatalog,RECORD_STATUS_CODE,Column,CHAR,TRUE,10,,FALSE,,,,,,
LBSDummyC,Customer TS2-PP1,reference_data_catalog,lbs_datacatalog,RECORD_UPDATE_REASON_CODE,Column,CHAR,TRUE,10,,FALSE,,,,,,
LBSDummyC,Customer TS2-PP1,uk_bank_holidays,lbs_nonworkingday,HOLIDAY_CALENDAR_DATE,Column,DATE,TRUE,,,FALSE,,,,,,
LBSDummyC,Customer TS2-PP1,uk_bank_holidays,lbs_nonworkingday,UK_COUNTRY_NAME,Column,VARCHAR,TRUE,100,,FALSE,,,,,,
LBSDummyC,Customer TS2-PP1,uk_bank_holidays,lbs_nonworkingday,DATA_CREATION_SOURCE,Column,INTEGER,FALSE,,,FALSE,,,,,,
LBSDummyC,Customer TS2-PP1,uk_bank_holidays,lbs_nonworkingday,HOLIDAY_NAME,Column,VARCHAR,TRUE,255,,FALSE,,,,,,
LBSDummyC,Customer TS2-PP1,uk_bank_holidays,lbs_nonworkingday,HOLIDAY_TYPE,Column,VARCHAR,TRUE,255,,FALSE,,,,,,
LBSDummyC,Customer TS2-PP1,uk_bank_holidays,lbs_nonworkingday,OWNER_ID,Column,UNIQUEID,TRUE,,,FALSE,,,,,,
LBSDummyC,Customer TS2-PP1,uk_bank_holidays,lbs_nonworkingday,HOLIDAY_DAY_ID,Column,UNIQUEID,FALSE,,,TRUE,,,,,,
LBSDummyC,Customer TS2-PP1,uk_bank_holidays,lbs_nonworkingday,CREATED_ON,Column,DATETIME,TRUE,,,FALSE,,,,,,
LBSDummyC,Customer TS2-PP1,uk_bank_holidays,lbs_nonworkingday,MODIFIED_ON,Column,DATETIME,TRUE,,,FALSE,,,,,,
LBSDummyC,Customer TS2-PP1,uk_bank_holidays,lbs_nonworkingday,RECORD_STATUS_CODE,Column,BIT,TRUE,,,FALSE,,,,,,
LBSDummyC,Customer TS2-PP1,uk_bank_holidays,lbs_nonworkingday,RECORD_UPDATE_REASON_CODE,Column,BIT,TRUE,,,FALSE,,,,,,
LBSDummyC,Customer TS2-PP1,uk_bank_holidays,lbs_nonworkingday,CREATED_BY,Column,UNIQUEID,TRUE,,,FALSE,,,,,,
LBSDummyC,Customer TS2-PP1,uk_bank_holidays,lbs_nonworkingday,MODIFIED_BY,Column,UNIQUEID,TRUE,,,FALSE,,,,,,
