customer_id,ssn,first_name,last_name,email,birthday
219,9285607141,Pearlene,Moore,pearlene.moore@qgrzkfk.com,2005-06-02
220,3876367420,Melida,Goff,melida.goff@dyblspg.com,1982-01-13
222,3694787842,Leonore,Rocha,leonore.rocha@maukkzr.com,2002-12-11
223,3238244875,Calandra,Bennett,calandra.bennett@kzbpuxs.com,2009-04-19
225,5842004632,Johnny,Christian,johnny.christian@mhblgfg.com,2003-11-08
226,1634851213,Roni,Rocha,roni.rocha@mrezfyk.com,1976-03-12
228,6058984515,Donnetta,Burton,donnetta.burton@rohqtsj.com,2004-03-03
229,4102502683,Toi,Lynn,toi.lynn@zpwtfyr.com,2002-10-19
231,7801538339,Kerstin,Pacheco,kerstin.pacheco@yvhsgrk.com,2006-07-22
232,1279321544,Russell,Gillespie,russell.gillespie@hahtcec.com,1995-02-07
234,4133935703,Nikia,Flores,nikia.flores@tryqcus.com,1985-04-08
235,7057214503,Miesha,Vang,miesha.vang@nzdqnob.com,2006-06-12
237,5286889808,Katie,Stout,katie.stout@kcfjsns.com,2001-10-21
238,1885390641,Xiao,Spence,xiao.spence@ehglumj.com,1982-10-21
240,2640781403,Hollis,Mendez,hollis.mendez@xssnvzc.com,1993-11-01
241,6356835101,Rosio,Whitley,rosio.whitley@pahiebi.com,2001-11-07
243,0648217938,Towanda,Savage,towanda.savage@tgrmwzb.com,2002-10-21
244,2829003173,Jeffie,Simon,jeffie.simon@tipiamd.com,1979-11-03
245,3863244897,Marica,Vang,marica.vang@rloroaj.com,1973-11-26
248,8767114428,Vena,Kinney,vena.kinney@wopblxh.com,2009-02-20
250,7797876249,Kamilah,Crane,kamilah.crane@hygnqzd.com,2002-11-11
251,7573571051,Arnita,Puckett,arnita.puckett@rsnuucp.com,1995-10-11
253,5626540568,Justa,Castro,justa.castro@vstbcyt.com,2008-08-23
254,1209741488,Jamee,Norris,jamee.norris@cmehdbn.com,1987-11-13
256,7117639338,Ricki,Duncan,ricki.duncan@hysimlc.com,2008-12-19
257,5294519212,Nicol,Chavez,nicol.chavez@dpftxrs.com,1970-12-22
259,2254052906,Maryrose,Maldonado,maryrose.maldonado@jwgqnfd.com,1974-10-27
260,6423974882,Laree,Moss,laree.moss@tlwlhyd.com,1996-12-02
262,0807214539,Angelo,Ferrell,angelo.ferrell@egdsvdp.com,2002-06-01
264,9195581231,Carletta,Cook,carletta.cook@arctxxu.com,1994-09-06
265,2808251131,Travis,Wilder,travis.wilder@lmzhrrz.com,2007-11-25
266,2097192662,Ignacio,Boyle,ignacio.boyle@tpfqfdf.com,2002-10-26
268,1963210496,Belkis,Yang,belkis.yang@pomuzag.com,1982-11-28
269,4017358680,Edward,Rose,edward.rose@qerlkja.com,2001-05-18
271,9311242869,Angila,Flowers,angila.flowers@yaxkuxl.com,1983-04-21
272,0170078319,Mariko,Bartlett,mariko.bartlett@pxmquhx.com,1986-05-01
274,3226647146,Terresa,Norton,terresa.norton@eczhtkc.com,1989-12-21
275,1993737081,Paul,Cote,paul.cote@fcxhtcu.com,2006-12-03
276,4927087691,Leonard,Foley,leonard.foley@lggyguq.com,2003-12-18
279,1628747750,Sherlene,Knowles,sherlene.knowles@abvjjmy.com,2001-02-22
281,7877832234,Scottie,Cantrell,scottie.cantrell@gagqvma.com,1988-02-26
283,5446801963,Deandra,Knowles,deandra.knowles@scrtyvc.com,2007-12-04
284,0339074913,Maragret,Mccormick,maragret.mccormick@lgxjkix.com,1995-02-18
285,9235253103,Ardath,Ortega,ardath.ortega@unxrizx.com,2001-05-18
287,9965844936,Kiera,Wilkinson,kiera.wilkinson@mlslqqe.com,1994-09-11
288,2948938299,Earleen,Chaney,earleen.chaney@gamrpbx.com,1975-07-10
290,7470798542,Reagan,Hopper,reagan.hopper@mwswjqr.com,2000-11-23
291,2510776581,Altha,Potter,altha.potter@pzmcdsg.com,1991-11-01
293,2077661349,Lael,Barlow,lael.barlow@whowiak.com,1978-02-06
295,9708886936,Angila,Hester,angila.hester@iyjdoub.com,1987-06-21
296,7440891322,Tracee,Koch,tracee.koch@ncwbiab.com,2004-11-11
297,6729750952,Rasheeda,Rodriquez,rasheeda.rodriquez@rqxdpso.com,2004-04-22
299,1581130359,Devona,Aguirre,devona.aguirre@mnsgjpm.com,2008-11-24
300,9956384599,So,May,so.may@cejcnkk.com,1996-10-01
302,2148461239,Fredda,Robinson,fredda.robinson@ybrbkko.com,2005-11-06
303,5691247884,Berry,Langley,berry.langley@cnymqxi.com,2004-12-17
305,8665185874,Clarinda,Webster,clarinda.webster@gtjnaah.com,2008-03-22
306,6370029625,Lashaunda,Mcmahon,lashaunda.mcmahon@mfjnpzf.com,1989-02-06
308,9859643875,Reda,Langley,reda.langley@zxogjze.com,2006-10-21
309,8703942192,Maryam,Carney,maryam.carney@fhjxwdd.com,2009-10-15
311,2763085271,Johnetta,Mcknight,johnetta.mcknight@iwnsmdo.com,1975-08-15
312,6476760354,Charis,Vang,charis.vang@fdztmos.com,2006-02-11
315,8642602876,Onita,Griffith,onita.griffith@fsvcgzz.com,2008-10-08
317,2890415379,Remedios,Sampson,remedios.sampson@qnizntc.com,1978-03-06
318,7285485170,Calista,Bass,calista.bass@uvxyzys.com,1984-09-04
320,1543908024,Ruthanne,Morrow,ruthanne.morrow@pjlvzyb.com,2008-10-23
321,0285974464,Pearlene,Bentley,pearlene.bentley@hcrdmqh.com,1983-09-17
323,1337304033,Cristin,Ellison,cristin.ellison@uwkbswz.com,2007-12-28
324,7193627276,Olympia,Boyle,olympia.boyle@vvhnerp.com,2006-09-14
326,1211267439,Nilsa,Barrera,nilsa.barrera@lbrfsuj.com,2006-11-15
327,8359704939,Joana,Sutton,joana.sutton@oisberl.com,2003-11-06
329,9162011060,Mario,Barlow,mario.barlow@uswixwv.com,1995-04-13
331,4525160252,Berneice,Hobbs,berneice.hobbs@wsqlhgl.com,2004-02-07
332,9537072008,Evelina,Oliver,evelina.oliver@aislyjp.com,2007-05-04
333,9008508656,Nu,Vincent,nu.vincent@ccajaio.com,2003-07-27
335,0245996441,Pia,Hardy,pia.hardy@ukvqhkk.com,1984-03-17
336,4677148796,Marguerita,Noel,marguerita.noel@oqqofxq.com,2000-12-20
338,4743676018,Kiera,Morgan,kiera.morgan@vwduiev.com,1996-03-26
216,5925012445,Rutha,Duke,rutha.duke@vkhqtom.com,1991-09-05
342,0795617930,Kirstie,Hatfield,kirstie.hatfield@mfgpupd.com,2001-08-07
344,1384301025,Theressa,Cooke,theressa.cooke@ospgrpi.com,2007-01-13
345,0250339612,Paz,Noel,paz.noel@kunixpa.com,2008-02-10
347,4226709344,Taisha,Preston,taisha.preston@blyqoam.com,1998-10-11
348,7300205448,Thresa,West,thresa.west@uvewzlm.com,1997-11-28
350,3097558956,Robbi,Barnett,robbi.barnett@kqnnrha.com,1992-10-04
351,7419763557,Seema,Atkins,seema.atkins@ahwcjst.com,1970-01-09
353,2087731209,Melissia,Eaton,melissia.eaton@gpyzdqm.com,2001-12-17
354,0651269807,Albertina,Berry,albertina.berry@zetxtat.com,1993-11-08
356,7844262064,Ladawn,White,ladawn.white@tfqcdax.com,2005-11-04
357,5518518346,Ray,Willis,ray.willis@pkhwbiq.com,1997-12-12
359,3745446159,Stefani,Vang,stefani.vang@xohmvsp.com,1974-02-03
360,9620761091,Cristi,Lamb,cristi.lamb@hsotxnk.com,2002-12-03
362,6043725960,Inger,Cash,inger.cash@jkhctce.com,2004-12-13
363,0381188240,Lean,Cash,lean.cash@ydtorwh.com,2008-10-22
364,8680515423,Hwa,Workman,hwa.workman@yyjxaow.com,1982-08-22
368,9379602330,Maryanna,Tran,maryanna.tran@ifvuxye.com,1977-03-12
369,5683618446,Shera,Browning,shera.browning@zqfgjnk.com,1978-10-05
370,5619531532,Justin,Palmer,justin.palmer@cxoqsak.com,1989-12-19
372,7158532009,Yoko,Willis,yoko.willis@kqalfdq.com,2003-12-03
373,0422692166,Cher,Boyle,cher.boyle@cuovnaj.com,2008-04-07
374,8015771871,Sam,Booth,sam.booth@cmyyjau.com,2008-10-26
376,6884179086,Susann,Guy,susann.guy@zfdqkhv.com,2003-12-09
377,0721154174,Pamelia,Bernard,pamelia.bernard@imvyfgl.com,2009-08-19
380,5634780343,Ayesha,Knowles,ayesha.knowles@mjxiici.com,1980-12-04
379,4287133181,Roselle,Bailey,roselle.bailey@dpubibp.com,2002-05-22
382,7089868468,Scarlet,Sampson,scarlet.sampson@lvtjizf.com,2006-08-10
384,4559340993,Many,Whitley,many.whitley@pvtrycd.com,1976-07-04
385,4702783501,Merrill,Carroll,merrill.carroll@ranzbsf.com,1977-11-22
383,7353234169,Denisha,Ayers,denisha.ayers@uzrcgdr.com,1995-04-04
387,2814040693,Eliz,Velazquez,eliz.velazquez@wyjtbza.com,1992-10-19
390,7942529609,Laurice,York,laurice.york@ndcezxl.com,1973-01-25
392,0855737619,Christena,Williams,christena.williams@asjnqoa.com,2004-02-26
395,1875024722,Tameika,Oconnor,tameika.oconnor@pnjhmuj.com,2005-02-11
394,8936181957,Akilah,Head,akilah.head@ibjqtgw.com,1991-12-01
400,7296777656,Joannie,Lambert,joannie.lambert@jvcvime.com,2003-11-02
398,0310153129,Travis,Vance,travis.vance@bjuxivq.com,1992-06-16
399,4555993964,Dung,Vang,dung.vang@utueyig.com,1978-12-09
401,3388085361,Krysta,Lynn,krysta.lynn@ktdhfin.com,1986-05-04
402,4565454526,Sarai,Hood,sarai.hood@eakiwwg.com,2001-06-10
403,4299330246,Sima,Boyle,sima.boyle@elnuvnn.com,2001-10-10
408,8597436944,Dulcie,Cook,dulcie.cook@hrzmcbw.com,2003-11-05
407,0647912027,Shila,Pope,shila.pope@jittxdj.com,2009-01-07
405,2241845121,Ivey,Macdonald,ivey.macdonald@nzlwaxa.com,2008-08-24
412,2392907140,Matthew,Noel,matthew.noel@dmjjsqn.com,2006-10-22
410,6029992098,Adriene,Knowles,adriene.knowles@krmuvpv.com,1977-05-23
414,1911645945,Silva,Goodman,silva.goodman@xsnzyio.com,1997-07-07
418,5775476405,Ruthe,Boyle,ruthe.boyle@pypasaq.com,1988-04-08
416,8346276284,Kemberly,Obrien,kemberly.obrien@ceeeybj.com,1988-11-28
417,2069116641,Tawna,Reynolds,tawna.reynolds@ssynydg.com,2006-03-14
420,9744287541,Bebe,Horton,bebe.horton@swcrmqu.com,1988-01-11
421,6280917312,Elene,Jenkins,elene.jenkins@pzosyqp.com,1985-11-05
426,9207177172,Nikia,Puckett,nikia.puckett@bkzydct.com,2002-11-25
425,6675439890,Stefani,Velazquez,stefani.velazquez@iqrqurw.com,1995-10-11
427,6395288525,Raymonde,Willis,raymonde.willis@husbimn.com,1996-10-06
422,7668176614,Laree,Eaton,laree.eaton@qutnnit.com,1980-09-11
429,4167199159,Nicolasa,Ratliff,nicolasa.ratliff@yqsdrzs.com,2008-11-03
431,9684167934,Howard,Hamilton,howard.hamilton@pcnzijm.com,1991-08-20
435,4552331991,Mariel,Langley,mariel.langley@occwblu.com,2009-01-02
438,9958215782,Talisha,Olsen,talisha.olsen@euzltoe.com,1970-03-11
433,8399377897,Catrice,Goff,catrice.goff@fklxwik.com,1971-10-05
437,2832971641,Shayne,Cooke,shayne.cooke@cgxeihr.com,1981-10-15
440,3909326525,Willene,Williamson,willene.williamson@odndute.com,1975-12-27
439,5068078065,Alvera,Carr,alvera.carr@rrjtpwb.com,2004-12-01
441,1179528273,Sharita,Weeks,sharita.weeks@swuvjnm.com,1986-10-18
444,4498610062,Wan,David,wan.david@zqyyily.com,1988-12-03
447,5534387677,Nathan,Marshall,nathan.marshall@hrpzjwv.com,1980-11-16
445,1917443216,Regena,Vinson,regena.vinson@luyofjo.com,2000-05-02
448,0492272319,Joslyn,Stephens,joslyn.stephens@jxpudaf.com,1974-11-01
454,7685571762,Mickie,Jensen,mickie.jensen@jajtjic.com,1999-09-11
455,6238427101,Fernanda,Robles,fernanda.robles@mjmxjrg.com,1989-06-04
456,9704309559,Rozella,Phelps,rozella.phelps@tusyuib.com,1985-09-24
457,4896569294,Magaly,Powell,magaly.powell@qwqkvqu.com,1986-12-10
452,7974267053,Tandra,Odom,tandra.odom@njtvfuj.com,1970-11-10
459,6955896467,Roseline,Quinn,roseline.quinn@uhewxof.com,2006-05-13
461,6511550442,Francisco,Winters,francisco.winters@hruswtg.com,2008-10-20
464,8591333494,Lianne,Newman,lianne.newman@qeyanrx.com,1995-12-23
465,5976892577,Annice,Schneider,annice.schneider@tqrikxt.com,1989-05-07
460,4671655646,Adelia,Kidd,adelia.kidd@umrkqtc.com,1999-10-17
472,3746972051,Merissa,Christian,merissa.christian@qvwutzi.com,2000-11-08
470,7574792963,Chi,Knowles,chi.knowles@fvndour.com,1983-10-08
475,4105554696,Sam,Foley,sam.foley@tfbxtgo.com,1988-06-01
468,1865869521,Florrie,Carney,florrie.carney@lzqwmkb.com,2000-04-23
474,4886193243,Shena,Brooks,shena.brooks@utujwci.com,1994-10-10
469,5657373438,Dakota,Mcmahon,dakota.mcmahon@pblngfs.com,1981-12-22
478,1461206445,Clora,Castillo,clora.castillo@idezmar.com,2006-12-02
481,8842492079,Inell,Tyler,inell.tyler@ziolszk.com,1989-03-11
479,5071120762,Jessenia,Allen,jessenia.allen@dhwwebj.com,1984-10-12
480,1540927127,Karl,Warner,karl.warner@ywvhtse.com,1977-07-20
484,3287683502,Milly,Chaney,milly.chaney@pcmyxfh.com,2003-12-27
485,4658532112,Breanne,Buckner,breanne.buckner@pkzmuro.com,1979-12-12
489,9199243565,Kiersten,Knowles,kiersten.knowles@dynsqum.com,1984-09-14
487,8122583417,Charlyn,Boyle,charlyn.boyle@iaryvwr.com,2009-11-10
495,5739760925,Sharen,Puckett,sharen.puckett@unzzftd.com,1977-04-25
488,1568322155,Lisandra,Austin,lisandra.austin@igsrbqk.com,2003-11-10
496,5028090094,Lasandra,Jones,lasandra.jones@qdgufyb.com,2001-12-09
494,1542688405,Mila,Noel,mila.noel@fjwjwsi.com,1982-12-05
491,3332543359,Matthew,Blair,matthew.blair@akupsnp.com,2009-01-15
493,1010837818,Bobbye,Pena,bobbye.pena@bxfdjyf.com,1995-11-12
499,3858972580,Tobie,Pratt,tobie.pratt@mzutuzt.com,1973-02-18
501,3431410422,Chaya,Mack,chaya.mack@eykkhip.com,2003-10-15
500,0084558517,Mozella,Tyler,mozella.tyler@wkgnsim.com,2009-10-09
503,0177636244,Enola,Daugherty,enola.daugherty@wyonfic.com,2003-12-22
502,8135390915,Cordie,Boyle,cordie.boyle@islacjm.com,1978-12-18
505,8356958535,Melany,Ayala,melany.ayala@bzfnlyq.com,1979-08-22
510,9799829623,Delsie,Valenzuela,delsie.valenzuela@hssenom.com,1996-01-28
506,6463952165,Mabelle,Anthony,mabelle.anthony@uvluptk.com,2004-02-19
508,6629357444,Lady,Nixon,lady.nixon@ougikky.com,1989-08-12
514,4970188525,Mario,Jimenez,mario.jimenez@jxbgkwz.com,1985-11-26
516,2637658220,Milly,Phillips,milly.phillips@ckmmjeb.com,1978-02-14
518,4931960744,Laura,Grant,laura.grant@fycofav.com,1997-06-06
522,0972924349,Camie,Noel,camie.noel@zggxkzk.com,2005-02-17
517,1942468790,Jeremy,Mccall,jeremy.mccall@gucqluj.com,1973-05-27
525,4260349669,Marg,Conley,marg.conley@gutepbf.com,2009-09-28
521,4703393098,Lakiesha,Barlow,lakiesha.barlow@whvqnfk.com,1989-01-14
529,2694421938,Chau,Wong,chau.wong@qehhxwi.com,1977-10-05
519,0265222609,Eura,Avila,eura.avila@pybfnby.com,2002-07-15
526,9300021411,Rossana,Walton,rossana.walton@izktyfe.com,2008-12-11
528,1982751906,Adam,Knowles,adam.knowles@shmiyek.com,1987-01-26
530,8821435099,Sol,Graham,sol.graham@uouiink.com,1997-05-13
535,3750705025,Kayce,Velazquez,kayce.velazquez@vumxcni.com,2007-10-28
527,6370029846,Myrtice,Noel,myrtice.noel@bithafl.com,1970-10-20
532,9409509831,Cher,Joyce,cher.joyce@jzisdxn.com,1983-11-05
537,7291284739,Fumiko,Tucker,fumiko.tucker@ufmiqhk.com,1997-03-23
536,4535852508,Ula,Gutierrez,ula.gutierrez@xuqluta.com,1970-08-25
543,7873864201,Albertine,Vance,albertine.vance@oifonan.com,1989-05-22
533,2338891157,Deonna,Sloan,deonna.sloan@mcyupsg.com,1987-07-10
541,4825158255,Cordie,Whitley,cordie.whitley@bjrfkvs.com,1983-07-11
549,7561059032,Yelena,Lancaster,yelena.lancaster@atmgzfx.com,1986-12-16
546,6221948701,Halina,Norman,halina.norman@ystcyho.com,2007-12-17
552,8329797837,Lashandra,Martinez,lashandra.martinez@yhtazwy.com,2003-02-05
547,5349440243,Elvie,Flores,elvie.flores@azidqur.com,1991-03-21
554,0454431628,Reynalda,Bean,reynalda.bean@qsvznpb.com,1972-12-12
551,1720371668,Earleen,Barlow,earleen.barlow@ajslmgb.com,2001-12-11
545,1828332087,Ray,Buckner,ray.buckner@cwhbxlg.com,2003-03-13
550,1639733450,Marvella,Stanton,marvella.stanton@ayvwzrv.com,1997-08-16
553,3733544498,Collen,Mcgee,collen.mcgee@ajelrnn.com,1988-11-09
558,8059411191,Lakita,Riggs,lakita.riggs@xucuqzx.com,2004-11-07
555,4109826138,Lesia,Hanson,lesia.hanson@weqfbxw.com,1972-12-28
563,0505080817,Naida,Brewer,naida.brewer@iqkkjqt.com,2003-11-06
567,5262475164,Lasandra,Knowles,lasandra.knowles@rxrgvpj.com,1989-01-14
561,7915063060,Shawana,Curry,shawana.curry@hyqjzhe.com,2003-12-05
572,2166467870,Vernita,Snider,vernita.snider@fglamau.com,1991-10-27
568,4147973113,Eneida,Buckner,eneida.buckner@ehnayhb.com,2001-10-23
564,0319543943,Conception,Knox,conception.knox@xcppbqk.com,1978-12-25
574,2797560398,Shae,Buckner,shae.buckner@zyuhkek.com,2009-08-09
575,7157617785,Yuonne,Davenport,yuonne.davenport@peabxue.com,2008-10-04
569,7854333077,Maren,Burks,maren.burks@drkzqqa.com,1970-02-01
566,2092309050,Tomiko,Beasley,tomiko.beasley@rghztie.com,1992-12-15
580,8826623027,Jamee,Conrad,jamee.conrad@tfuyxwe.com,1982-10-10
578,9451318859,Meggan,Mcmahon,meggan.mcmahon@jjrongi.com,1980-11-20
584,2576928218,Kirstin,Spencer,kirstin.spencer@ymwnhtr.com,1970-12-10
581,8040866202,Nelida,Sanders,nelida.sanders@yfvwctc.com,2005-11-20
583,3551049300,Lean,Carson,lean.carson@llzreyc.com,2005-06-10
591,3169885768,Ammie,Whitaker,ammie.whitaker@pvgzulk.com,1984-11-06
589,3316064955,Chasidy,Dixon,chasidy.dixon@gtvbjrn.com,2008-09-11
586,0907312510,Tamar,Roman,tamar.roman@mvikppn.com,1987-03-25
471,6763930823,Angle,Bishop,angle.bishop@gsxhvko.com,1989-06-22
596,0010471709,Etha,Pickett,etha.pickett@tojnlcl.com,2003-12-28
597,0537133308,Kena,Fletcher,kena.fletcher@heqwzjj.com,1986-02-10
592,8679528323,Samira,Pugh,samira.pugh@rrzjwmu.com,2000-07-28
599,9943261230,Kirby,Noel,kirby.noel@iogaqgo.com,2008-07-14
598,4138818870,Shae,Vang,shae.vang@ndfucnq.com,1985-09-11
607,8797021104,Elina,Puckett,elina.puckett@gltddiy.com,1976-05-20
604,3327040408,Luba,Hooper,luba.hooper@fledude.com,2001-10-18
611,0288415160,Zulma,Hubbard,zulma.hubbard@bvkgjmp.com,1982-12-17
601,1865563589,Shaneka,Boyle,shaneka.boyle@nljbqye.com,2007-11-11
612,4705834596,Avril,Odom,avril.odom@sogakmf.com,2001-11-09
608,1797204212,Genna,Rose,genna.rose@ajohvcb.com,2009-10-12
613,4010105616,Laurice,Maynard,laurice.maynard@sqnunpe.com,2001-05-04
609,2997155382,Shonta,Lamb,shonta.lamb@vgzfait.com,2004-11-22
614,8690891749,Micah,Melton,micah.melton@qefykso.com,2006-09-02
615,8269067010,Clarine,Boyle,clarine.boyle@xhbiejy.com,2006-03-01
617,5753808223,Merilyn,Hunter,merilyn.hunter@hjayvzz.com,1995-11-26
616,3224511357,France,Long,france.long@ejwgddv.com,2006-02-09
620,6574121726,Vernon,Mcmahon,vernon.mcmahon@keajyfw.com,2003-09-03
618,9778466437,Sheridan,Noel,sheridan.noel@dlfqryi.com,2005-03-16
624,4021010154,Tamekia,Hicks,tamekia.hicks@uwdxnuf.com,2007-01-10
627,8268762856,Lanita,Glenn,lanita.glenn@ikwotkr.com,1992-10-14
621,3558984919,Kymberly,Vincent,kymberly.vincent@lhiecmn.com,2006-09-10
628,7657495767,Tobi,Cash,tobi.cash@jjcapnx.com,1981-10-04
623,6278090221,Georgine,Marquez,georgine.marquez@xlqddon.com,1980-10-08
632,8699660064,Vivan,Nguyen,vivan.nguyen@guazlai.com,1989-11-15
635,4312463037,Kam,Chaney,kam.chaney@tgqodnz.com,2004-12-05
636,7453332178,Merrilee,Wolf,merrilee.wolf@zczlsnb.com,2007-04-07
633,6876540948,An,Bryant,an.bryant@aimdusk.com,1981-12-11
642,8665795563,Neda,Noel,neda.noel@krzrqez.com,2009-08-27
645,0714135309,Sharri,Gill,sharri.gill@otgyynm.com,1977-03-02
639,2287316546,Delana,Durham,delana.durham@ufebzbv.com,1997-11-25
630,2851281381,Hye,Walton,hye.walton@aofllqn.com,2004-01-09
647,9732680099,Roni,Whitley,roni.whitley@izyoakv.com,1975-05-05
631,9525476627,Loree,Soto,loree.soto@pmspgkm.com,2000-03-07
648,3003869290,Nevada,May,nevada.may@isthahz.com,2009-12-09
650,0089430580,Laraine,Boyle,laraine.boyle@nblfovn.com,1985-11-04
646,2810459643,Dawne,Stewart,dawne.stewart@pamkmss.com,2000-02-01
655,4340915105,Terisa,Puckett,terisa.puckett@zoeocjy.com,2002-06-06
651,9320163147,Billy,Logan,billy.logan@ehjtxko.com,2006-01-06
649,3017907377,Lin,Rocha,lin.rocha@zzhdfdp.com,1977-11-24
659,3876977111,Leonia,Moore,leonia.moore@jzipcou.com,2008-10-13
660,1613793518,Junko,Welch,junko.welch@nntwhmb.com,1994-12-16
662,2629724706,Monet,Love,monet.love@kcowwgp.com,2005-01-01
656,2280979673,Tamiko,Hanson,tamiko.hanson@jpnystz.com,1979-11-21
658,1873498106,Grazyna,Hull,grazyna.hull@fdlawfd.com,1989-02-14
663,8965173925,Meryl,Nguyen,meryl.nguyen@wqpmfqp.com,2009-11-02
666,3544946978,Jolie,Humphrey,jolie.humphrey@odvuwrz.com,2005-11-24
664,2869592962,Numbers,Cooley,numbers.cooley@ewpkxbd.com,1990-04-27
668,6770114326,Kymberly,Barron,kymberly.barron@gcwwirm.com,1983-10-21
675,2535424492,Lera,Hooper,lera.hooper@dzlbhix.com,2008-04-11
673,9148889755,September,Cherry,september.cherry@msvlwmp.com,2004-04-08
679,7770175474,Silva,Blanchard,silva.blanchard@rgvzyxf.com,2002-01-21
678,1179528401,Dominque,Williams,dominque.williams@potkvhj.com,1978-05-14
676,6405053309,Clementina,Puckett,clementina.puckett@czxvojr.com,1995-03-15
681,1838708100,Fredia,Jacobson,fredia.jacobson@xlrxgsk.com,2007-07-01
684,1688256443,Carolin,Boyer,carolin.boyer@wxypyym.com,2009-11-02
677,9245324306,Keli,Juarez,keli.juarez@tkptotx.com,1985-11-12
689,0253920265,Anisa,Noel,anisa.noel@kzlwvdg.com,2006-04-01
683,0651879588,Carmelia,Reid,carmelia.reid@gupinbt.com,1980-12-06
688,5565515747,Venice,Moody,venice.moody@frxwboe.com,1975-11-26
685,4488549402,Zandra,Conway,zandra.conway@vrppuqa.com,1995-10-09
693,1630954206,Babara,Macdonald,babara.macdonald@soqajyj.com,1979-10-05
692,7285170278,Sharda,Burt,sharda.burt@lttqqkl.com,1984-09-03
691,4445214457,Sanora,Lambert,sanora.lambert@btlljyl.com,1983-10-24
694,9017053839,Carie,Langley,carie.langley@hfgmcny.com,2007-09-18
687,6392236938,Shirleen,Gonzalez,shirleen.gonzalez@uzzsfut.com,1972-03-04
696,1012902441,Chu,Boyle,chu.boyle@gexhizo.com,1981-04-23
700,2297387308,Jann,Vang,jann.vang@lduapiy.com,2009-12-27
699,0342126076,Eulah,Ayers,eulah.ayers@dvkggam.com,1996-10-13
706,0891442599,Elanor,Gibbs,elanor.gibbs@gzwtrgh.com,2000-11-09
697,6845727158,Stacee,Boyle,stacee.boyle@jqazemp.com,1979-10-03
702,6017175017,Laura,Kent,laura.kent@vuoiwop.com,2008-06-19
705,1018396724,Savanna,Prince,savanna.prince@ubjuhbh.com,2006-11-05
704,7361779501,Tennie,Cherry,tennie.cherry@qmdxvco.com,2009-04-21
713,4197106669,Janene,Joyner,janene.joyner@miwvaii.com,1976-08-04
711,7003198976,Alex,Santiago,alex.santiago@kgqbkwd.com,1988-10-22
715,7728906987,Myrta,Santos,myrta.santos@dzvveqc.com,1992-04-12
710,4690952871,Denyse,Thornton,denyse.thornton@doezlpv.com,2000-09-06
721,6422753650,Donella,Trevino,donella.trevino@oonutaf.com,1985-12-16
587,0676904806,Miss,Pollard,miss.pollard@hxvpvfj.com,2007-10-07
719,8121362036,Zaida,Buckner,zaida.buckner@vlvpstj.com,2004-03-06
725,6603417616,Wesley,Boyle,wesley.boyle@rrenobo.com,2000-07-16
724,7026086162,Alline,Gross,alline.gross@yulfiye.com,2000-12-20
718,5691552465,Euna,Camacho,euna.camacho@edxfarn.com,2001-10-05
727,3274550297,Odell,Bray,odell.bray@pebedqb.com,2004-11-01
720,0750827379,Jamika,Dunlap,jamika.dunlap@cwqfyha.com,1988-02-08
729,5803552998,Azalee,Roman,azalee.roman@mcygcqq.com,2002-11-14
735,5187707277,Donetta,Daugherty,donetta.daugherty@cjyiaii.com,1976-04-03
730,7639794664,Cristie,Mooney,cristie.mooney@hhgtqtp.com,2005-08-20
731,1208510263,Glenn,Mayer,glenn.mayer@laxtdmx.com,1978-03-20
733,5056787865,Stephnie,Vang,stephnie.vang@hqijdgg.com,2002-12-13
736,2296777093,Tam,Stevenson,tam.stevenson@xxdjcps.com,2000-10-25
734,0244775147,Keturah,Santana,keturah.santana@gpbzyue.com,1972-10-27
737,0080661370,Ariane,Shaffer,ariane.shaffer@havgrrz.com,1975-07-24
745,2672143212,David,Hoffman,david.hoffman@ytyyvvb.com,2006-12-01
748,8779016873,Marylee,Rosales,marylee.rosales@wmyxupw.com,2003-11-20
743,1268630803,Minna,Glass,minna.glass@nkozxch.com,2009-11-26
752,2280063251,Paul,Ballard,paul.ballard@psgsvfb.com,2009-12-04
746,0170688245,Katia,Brooks,katia.brooks@zxqvydq.com,2008-01-09
751,7189040066,Kiera,Franklin,kiera.franklin@cbmxsar.com,1988-02-20
750,5554223395,Elidia,Alvarez,elidia.alvarez@uaendzl.com,2001-12-23
754,4372888959,Deedra,Merritt,deedra.merritt@zvpnqba.com,1981-12-08
757,2366662377,Eric,Langley,eric.langley@bqzyqpy.com,2003-10-15
753,8023095479,Kecia,Valdez,kecia.valdez@jfoayrx.com,1977-12-06
755,8303247748,Benjamin,Marsh,benjamin.marsh@cqeyesn.com,1987-04-02
763,4820957717,Lourie,Hunt,lourie.hunt@oxeibwt.com,2003-11-13
760,6124902016,Vanita,Mckinney,vanita.mckinney@sgubacs.com,1979-11-09
758,3720188769,Patrina,Pena,patrina.pena@zfmkxvx.com,2008-11-16
759,0897241982,Gabriel,Langley,gabriel.langley@hegkskx.com,2008-11-22
766,6555800235,Shirl,Pickett,shirl.pickett@ielnbwv.com,2000-11-06
764,5043664237,Sau,Cooke,sau.cooke@bxpefrv.com,1977-12-19
769,0898156429,Rea,Puckett,rea.puckett@fqzzjdr.com,2000-12-20
775,5221276543,Randee,Sawyer,randee.sawyer@kafwvjx.com,2004-12-25
776,3475671185,Lauryn,Reeves,lauryn.reeves@rwvxtjs.com,1983-01-15
770,8532739940,Renay,Sweeney,renay.sweeney@mdebtco.com,2003-06-18
783,4509912815,Ulrike,Howell,ulrike.howell@hsqfabu.com,2003-10-24
773,6169458703,Ronni,Harmon,ronni.harmon@ralwlch.com,1984-02-20
779,1799951862,Randa,Lara,randa.lara@ikqzbgw.com,2006-10-04
777,9612451864,Rosio,William,rosio.william@ghzhpzk.com,1974-06-04
782,5587487597,Vannesa,Farley,vannesa.farley@rgtitbn.com,2008-12-10
778,5123000945,Robert,Frank,robert.frank@rfegeea.com,1988-08-26
784,7414870077,Douglas,Velazquez,douglas.velazquez@rhivxox.com,2008-09-13
788,6043410110,Jeni,Luna,jeni.luna@ythyfjx.com,2006-06-08
790,2161584175,Eusebia,Christensen,eusebia.christensen@wmmlmvm.com,1976-10-08
791,1370334187,Tonda,Colon,tonda.colon@xzbdrkf.com,2002-10-11
795,7671533910,Hui,Whitley,hui.whitley@bvckfbq.com,2002-03-16
786,7307763370,Johnetta,Raymond,johnetta.raymond@nxbhafe.com,2007-02-11
792,4164758015,Tristan,Franklin,tristan.franklin@qvogrdl.com,1978-02-22
796,6981835656,Willene,Harrell,willene.harrell@hxxsegs.com,2008-11-23
794,9102502158,Leonore,Hurley,leonore.hurley@ddcqlsi.com,2001-12-09
801,1139855781,Lashaun,Kinney,lashaun.kinney@kpdajjs.com,1971-10-28
803,6759362617,Stephen,Rivera,stephen.rivera@mbnrqjm.com,1996-02-09
793,9671950164,Tonita,Leblanc,tonita.leblanc@nqqkriv.com,2007-08-04
800,2666955289,Argentina,Hill,argentina.hill@rdsmcbk.com,2005-02-20
807,2501245946,Terisa,Barlow,terisa.barlow@rwyfpkj.com,1985-09-02
806,7845788393,Dan,Whitfield,dan.whitfield@mdatbaj.com,2002-03-15
811,7168298173,Herta,Garrett,herta.garrett@hevdauc.com,2005-10-06
808,8712182447,Bebe,Shaw,bebe.shaw@xotwzxx.com,2000-04-05
812,2900170499,Genny,Reed,genny.reed@haduxxt.com,2009-12-03
810,1140537932,Meri,Fulton,meri.fulton@kkqezva.com,2000-10-05
814,5207849959,Calista,Merrill,calista.merrill@tvzsbhw.com,1991-12-24
813,0664086749,Reanna,Fisher,reanna.fisher@ncxlmvv.com,2007-10-03
819,4629846023,Ching,Fulton,ching.fulton@wbtmlym.com,2006-11-22
820,5996728348,Albertina,Park,albertina.park@jzihsxb.com,2009-11-23
818,7720126783,Yuette,Mcfadden,yuette.mcfadden@tcwuzsa.com,2004-12-12
823,6112084706,Gabriel,Ramsey,gabriel.ramsey@kczauqk.com,1988-12-08
830,4615502772,Mirtha,Day,mirtha.day@gielson.com,2002-11-15
824,2712731770,Silvana,Dawson,silvana.dawson@kcamrlc.com,1981-12-05
828,7419458858,Magali,Boyle,magali.boyle@tsaambl.com,1988-11-21
826,4600610966,Darnell,Buckner,darnell.buckner@qqrtlwl.com,1972-07-22
821,4636865078,Betsey,Benton,betsey.benton@nswoyge.com,2003-12-28
833,1073022217,Veronique,Dalton,veronique.dalton@rydhoru.com,2002-08-12
831,5525537963,Hsiu,Nelson,hsiu.nelson@fztpqrn.com,1983-07-18
838,2211022700,Janee,Hall,janee.hall@nufjdxi.com,2004-12-05
840,5930881100,Mao,Lane,mao.lane@vjuzkyj.com,1992-03-06
837,6961084834,Maybell,Wall,maybell.wall@cxrwkyo.com,1972-07-04
843,8094812877,Torrie,Wade,torrie.wade@cyyjprn.com,1992-05-10
836,1621728375,Angeles,Simpson,angeles.simpson@wywroto.com,2004-12-20
723,7417321523,Shonta,Bryant,shonta.bryant@sqoygmi.com,1997-05-06
847,4246230094,Aundrea,Valdez,aundrea.valdez@tumyvzk.com,1991-09-28
842,5748925646,Theressa,Gardner,theressa.gardner@xuaojkn.com,1986-10-18
848,2352319107,Regan,Alvarado,regan.alvarado@tvpcntj.com,1983-07-02
855,1890048606,Dann,Gonzalez,dann.gonzalez@fjuvqdf.com,2005-02-12
850,5317407099,Ayana,Rodgers,ayana.rodgers@mhbnaqq.com,1977-12-23
851,5093103801,Lilliana,Hart,lilliana.hart@ymprhrz.com,2005-06-10
853,9370212276,Carli,Garza,carli.garza@hftcsft.com,1984-10-16
858,4166589126,Dusti,Randall,dusti.randall@qswbcwv.com,2001-04-02
861,0621362188,Yukiko,Noel,yukiko.noel@nenvvck.com,2002-04-04
860,2772241084,Lawana,Barlow,lawana.barlow@aphzhjc.com,1984-07-03
866,8551965110,Krissy,Vang,krissy.vang@adfskjb.com,1995-10-17
857,1817346061,Sharda,Buckner,sharda.buckner@tcyyncm.com,1973-03-18
870,8481469519,Vinnie,Durham,vinnie.durham@cbuaitx.com,1971-12-09
867,5120944604,Tonie,Best,tonie.best@bsoriql.com,2006-02-26
863,9230747855,Leo,Kane,leo.kane@slgwvdm.com,1992-10-21
864,7278161407,Glynis,Sutton,glynis.sutton@dutteik.com,2008-05-14
873,6238122354,Shelba,Puckett,shelba.puckett@bdqmsvh.com,1979-11-13
878,8017297154,Winter,Mcmillan,winter.mcmillan@qfxcbkm.com,2006-11-07
871,1166711220,Veta,William,veta.william@imunndt.com,1984-03-27
880,8024926550,Luba,Barlow,luba.barlow@nbarugu.com,1981-07-07
877,5934777621,Noella,Byrd,noella.byrd@wlaljaa.com,2006-05-11
872,6595178017,Oralee,Conley,oralee.conley@jmpvxju.com,1988-10-01
876,3895593050,Vanita,Sherman,vanita.sherman@abrrqeo.com,1978-10-04
882,4402795215,Enda,Atkins,enda.atkins@igmrolb.com,2001-08-10
883,4832177530,Lawrence,Witt,lawrence.witt@oewozyo.com,1982-05-17
881,6347670467,Ailene,Farmer,ailene.farmer@dllbjcl.com,2007-11-13
888,6551232711,Margeret,Kidd,margeret.kidd@kuvmund.com,1971-11-23
890,9489465134,Mertie,Barlow,mertie.barlow@vdixeck.com,1980-03-04
884,0237451978,Thersa,Langley,thersa.langley@jjjxtjr.com,2002-11-21
889,4818139450,Scott,Melendez,scott.melendez@adhiwlq.com,2002-03-07
898,5224328423,Micheline,Adkins,micheline.adkins@vkiregb.com,2003-05-01
894,7967248341,Lakenya,May,lakenya.may@kmxbvjs.com,1979-06-05
900,9572778132,Margurite,Battle,margurite.battle@sprgbld.com,1978-10-19
899,0320834772,Shaquana,Pennington,shaquana.pennington@ymbdehy.com,1990-11-20
902,8640842209,Macie,Gordon,macie.gordon@sjtbujn.com,1992-05-27
904,6830234291,Laurence,Hurst,laurence.hurst@jzvpfef.com,2005-10-26
905,6723352978,Tammera,Tyler,tammera.tyler@lccjlor.com,2003-11-04
901,4200229416,Fermina,Mckay,fermina.mckay@jxjmokw.com,2008-03-25
909,8406091230,Vincent,Cote,vincent.cote@cxdnzll.com,2004-09-09
897,1210422174,Elmira,Nielsen,elmira.nielsen@fxeiokl.com,1981-02-02
896,2417932948,Barbera,Strickland,barbera.strickland@vcmapaz.com,1984-10-19
908,1830844657,Brynn,Long,brynn.long@milyerh.com,2002-08-12
911,2506738215,Arlette,Whitley,arlette.whitley@ytetwqg.com,1993-12-06
907,9733290700,Consuela,Diaz,consuela.diaz@lzyoyvu.com,1976-02-21
919,5934167412,Roy,Malone,roy.malone@gldpjcj.com,1992-10-20
915,8897729429,Charlesetta,Mcgowan,charlesetta.mcgowan@kvbskfo.com,2003-11-03
917,7718835388,Reiko,Mcmahon,reiko.mcmahon@axktauj.com,1985-10-26
916,1872583947,Marivel,Russo,marivel.russo@biauwxc.com,2005-10-12
918,3102441347,Paulene,Vang,paulene.vang@hnlkvif.com,1993-04-19
921,0058923283,Miss,Colon,miss.colon@kbqkdux.com,1972-11-26
924,8022780474,Stephania,Peck,stephania.peck@ifsfjjk.com,1995-06-21
925,8678613228,Jamika,Burch,jamika.burch@polsbby.com,2000-12-06
926,6403222505,Jacqulyn,Chan,jacqulyn.chan@aitrcap.com,1980-11-28
927,9612451011,Chan,Peters,chan.peters@vlesnpk.com,1987-05-12
934,2124963336,Jadwiga,Nolan,jadwiga.nolan@wsjxnhj.com,1991-03-01
930,5762963710,Joshua,Webster,joshua.webster@qcxzzsp.com,2006-12-06
935,6343713336,Eleonor,Morgan,eleonor.morgan@idybiss.com,1996-10-21
938,0716577007,Ellyn,French,ellyn.french@vgyilca.com,1996-11-02
932,0215173294,Lilla,Santana,lilla.santana@luerrtx.com,1977-02-08
936,2236657664,Ka,Mcdowell,ka.mcdowell@czvnwbm.com,2008-05-20
946,3554406606,Ozella,Wilkins,ozella.wilkins@fnhxtkk.com,2000-10-13
939,4972558546,Kenna,Alexander,kenna.alexander@ixnmevc.com,1981-11-27
945,9556298796,Lesia,Hensley,lesia.hensley@lmsnnxw.com,1975-02-09
947,2955346649,Lakia,Lindsey,lakia.lindsey@bgffadr.com,1983-12-10
942,6031213343,Kandra,Witt,kandra.witt@vzvfjye.com,1999-10-01
943,0870151232,Veronika,Cross,veronika.cross@rykdjgl.com,2006-12-07
949,9836755232,Chi,Velazquez,chi.velazquez@wvjcntr.com,1979-11-26
951,0805688450,Albert,Douglas,albert.douglas@adbwlcs.com,1976-07-04
954,9513269919,Bula,Mcneil,bula.mcneil@qdugjwb.com,2003-12-27
955,3522668335,Katharyn,Cannon,katharyn.cannon@pwigmms.com,1999-05-10
953,4264540757,Elvera,Kelley,elvera.kelley@opbefah.com,2008-11-27
950,3794274865,Thersa,Davidson,thersa.davidson@fhfmslx.com,2004-12-09
957,6861291473,Shanita,Buckner,shanita.buckner@mfclmsm.com,1977-12-06
956,1241479461,Walter,Sosa,walter.sosa@qcjszep.com,1974-11-15
962,2829919318,Lala,Savage,lala.savage@yygpptl.com,1971-12-01
960,6574426142,Tandy,Barlow,tandy.barlow@ewxrsyp.com,2000-06-07
968,9192834353,Serina,Skinner,serina.skinner@jsopwgg.com,1991-12-17
965,9230136606,Nickie,Daniels,nickie.daniels@mhblahb.com,2002-09-17
844,8987451938,Karan,Chase,karan.chase@ueeckgg.com,2009-01-27
964,7433496070,Delsie,Robinson,delsie.robinson@symtwtm.com,2006-07-15
972,6029382218,Hilde,Hull,hilde.hull@bhshbgb.com,2008-11-25
966,4992690174,Alex,Huber,alex.huber@gparftf.com,2000-10-25
980,6157556045,Tam,Carpenter,tam.carpenter@yjqdwii.com,1988-12-08
977,7429834974,Carola,Roberts,carola.roberts@hzelzde.com,1992-08-24
979,6131616102,Christene,Roberson,christene.roberson@gwyhdio.com,2008-05-24
973,4815087886,Madalene,Phillips,madalene.phillips@tblxvwt.com,2006-11-10
981,4145227954,Rosio,Walker,rosio.walker@tlenwaz.com,2004-01-11
974,4775109750,Larhonda,Duran,larhonda.duran@pbuiqkt.com,1974-07-08
983,1161828519,Karlene,Cameron,karlene.cameron@vfpujdv.com,2009-10-25
985,1481652730,Jose,Cooke,jose.cooke@ncpxywt.com,1982-10-08
982,0020236710,Bong,Kinney,bong.kinney@pathjug.com,2009-11-26
986,7548547262,Randee,Barlow,randee.barlow@cdglnok.com,1972-11-16
992,7919641028,Sebrina,Cortez,sebrina.cortez@cdiyqgp.com,1998-08-21
988,6490268455,Charmain,Snyder,charmain.snyder@ynnxjwd.com,1992-09-17
989,3024621585,Ping,Noble,ping.noble@yeetoyl.com,2002-11-21
997,7708764568,Remona,Tran,remona.tran@oowrfvh.com,1993-11-08
994,2792077553,Edward,Cain,edward.cain@dxvldbi.com,1983-05-05
998,2981286532,Jerica,Langley,jerica.langley@uzmdmfo.com,2000-12-01
999,6175561435,Talitha,Gaines,talitha.gaines@nnbpxeu.com,1976-03-23
1,5153527856,Tali,Griffin,tali.griffin@yrvgsij.com,2003-11-02
2,5057092300,Charles,Mcmahon,charles.mcmahon@pxxulwi.com,1987-04-20
4,2130527361,Edward,Mcmahon,edward.mcmahon@gbjyywu.com,2000-06-21
5,7445703142,Tu,Graves,tu.graves@nnukfif.com,1992-08-08
7,4439111358,Jessenia,Best,jessenia.best@uogcbqw.com,2009-12-26
8,1007409699,Azzie,Mason,azzie.mason@nphktjw.com,2002-11-10
9,6611657736,Serina,Koch,serina.koch@tuxrvaa.com,1997-09-24
11,7092004428,Fumiko,Schroeder,fumiko.schroeder@mgdoguc.com,1993-11-10
12,5347619663,Frank,Webb,frank.webb@ijsjowy.com,1993-12-08
14,2939782742,Reda,Barron,reda.barron@kkjcnor.com,2006-04-25
17,3733239786,Tabetha,Trujillo,tabetha.trujillo@ujdeomn.com,1973-03-13
19,1716027864,Ryann,Nichols,ryann.nichols@srlotjd.com,1976-12-13
20,1167932162,Kamala,Hurley,kamala.hurley@prqqnqf.com,1976-04-09
21,7748132367,Ying,Velazquez,ying.velazquez@yslivhq.com,2006-10-23
23,4639611862,Willetta,Cooke,willetta.cooke@yvqwlrn.com,1995-10-08
24,3746057176,Rhona,Williamson,rhona.williamson@oqkifvt.com,2000-06-03
26,9135156298,Eleonore,Rivers,eleonore.rivers@jczoija.com,1985-11-24
27,4646325723,Mira,Fry,mira.fry@cguorhc.com,1987-06-19
29,6474633830,Carolin,Cash,carolin.cash@gyzuygx.com,2005-09-07
30,0458703655,Rosia,Singleton,rosia.singleton@uapibwk.com,1996-11-19
32,5781884710,Breanne,Deleon,breanne.deleon@helfjda.com,1988-11-23
33,4968896530,Zita,Orr,zita.orr@xrsdgiw.com,1993-04-07
35,5609155221,Gertha,Ashley,gertha.ashley@kmsjczs.com,2006-11-08
36,0504470038,Annabell,Hill,annabell.hill@wkckqch.com,1978-12-01
38,4677758840,Eldora,Barnett,eldora.barnett@kmrewbf.com,1996-04-25
39,1354058754090807297,Leda,Vega,leda.vega@gszmvde.com,1973-04-20
40,7377343702,Naida,Merritt,naida.merritt@mpvnpdg.com,2009-07-13
42,9550876429,Vasiliki,Noel,vasiliki.noel@gcmgqqf.com,2007-04-26
43,8838525456,Richard,Hess,richard.hess@qosdizz.com,1989-05-06
45,9861779842,Nguyet,Boone,nguyet.boone@vfjmrjh.com,1986-11-11
46,2568383858,Janay,Vang,janay.vang@gwwnhgh.com,2005-12-01
48,3311486887,Jennefer,Franco,jennefer.franco@ejibzxd.com,2006-09-08
49,1491113343,Martine,Reyes,martine.reyes@zrsppjk.com,1994-12-18
51,1191125562,Hilma,Walters,hilma.walters@qqjluee.com,2009-04-06
52,8191247533,Eleonore,Cummings,eleonore.cummings@anshvgl.com,2000-11-17
54,1434045487,Georgianne,Velazquez,georgianne.velazquez@hxksxls.com,2009-10-18
56,3534560381,Phung,Gibson,phung.gibson@ttjinos.com,2003-12-13
57,6846948212,Leonila,Reese,leonila.reese@vrxczko.com,1978-08-23
59,2496972638,Ping,Hill,ping.hill@lnkrepb.com,2001-06-25
60,2259545971,Daniell,Vang,daniell.vang@zefizxv.com,2001-02-21
62,4957299889,Toccara,Francis,toccara.francis@vptungh.com,2009-10-12
63,3409143052,Kenia,Rutledge,kenia.rutledge@llpizpu.com,1979-04-16
64,4156213466,Sanora,Rivers,sanora.rivers@rvzttpq.com,2007-10-16
67,2707849101,Lewis,Drake,lewis.drake@qojxngh.com,1986-06-02
69,9632897930,Annalee,Andrews,annalee.andrews@xxexkfi.com,2001-03-06
70,3960666587,Dann,Nguyen,dann.nguyen@oblczuz.com,2003-01-28
72,6404443354,Leonore,Lane,leonore.lane@uqzgjwi.com,1971-12-06
73,4191003414,Francoise,Delaney,francoise.delaney@slbsgay.com,1986-10-07
75,8113122556,Audria,Rocha,audria.rocha@mxmsezs.com,2003-02-22
76,8583398436,Mora,Ramsey,mora.ramsey@poklbdd.com,1990-03-06
78,8486352539,Annice,Snider,annice.snider@xvhtodd.com,1999-11-01
79,6809106437,Gretta,Hawkins,gretta.hawkins@ismgmoz.com,2004-12-16
81,5626245121,Kimbery,Cardenas,kimbery.cardenas@lydlfjr.com,2004-05-19
82,9366174321,Anthony,Harris,anthony.harris@nsktapi.com,2005-01-10
84,5163598639,Shonta,Fitzpatrick,shonta.fitzpatrick@bmkedsh.com,1980-06-15
86,4295983995,Tristan,Jarvis,tristan.jarvis@ranqdph.com,2001-01-12
87,2314782715,Bernarda,Aguirre,bernarda.aguirre@zxifyyi.com,2001-07-07
89,9292321888,Kourtney,Griffin,kourtney.griffin@ujntsuq.com,2006-10-15
90,2141748050,Meda,Hoover,meda.hoover@hktqlhm.com,2003-11-21
94,8566003434,Malka,Noel,malka.noel@gcexbdf.com,1992-06-17
95,1074243172,Keila,Davis,keila.davis@nhpjxgo.com,1998-04-04
97,6930942492,Devora,Allen,devora.allen@qbugqef.com,2003-12-05
98,3141503927,Shantae,Delaney,shantae.delaney@qxwiimf.com,2009-12-18
100,6237512229,Margy,Bradshaw,margy.bradshaw@pvgxntz.com,1989-03-14
101,3480014772,Lovetta,Barlow,lovetta.barlow@twcigpc.com,2009-11-23
103,1844506962,Deja,Mcmahon,deja.mcmahon@tvyswbq.com,1995-10-27
104,0363183710,Shery,Mullen,shery.mullen@cqkyxuv.com,2000-04-19
106,7075820206,Takako,Hubbard,takako.hubbard@qplbwdm.com,2007-04-07
107,9491296516,Shyla,Chambers,shyla.chambers@rpskbpg.com,1970-10-28
109,7680148047,Christopher,Deleon,christopher.deleon@skfqwik.com,1984-12-21
111,9699121227,Earlean,Roberson,earlean.roberson@klbkjyx.com,1974-02-04
112,7225976697,Remona,Graves,remona.graves@iwzequc.com,2002-07-22
114,5397973769,Dani,Rocha,dani.rocha@zylcmzx.com,1977-03-12
115,0972619766,Kenna,Hooper,kenna.hooper@qkvcclw.com,2005-11-01
117,6937880754,Epifania,Chen,epifania.chen@rkytanw.com,1975-02-19
120,6329360250,Britteny,Noel,britteny.noel@ljuoidx.com,2005-11-22
121,9552331686,Karine,Puckett,karine.puckett@vuoauei.com,1995-06-09
123,0301232055,Gaynelle,Gill,gaynelle.gill@wymudex.com,1985-11-16
124,7188134802,Lai,Osborne,lai.osborne@bmlhvqe.com,2004-07-14
126,4462915188,Tatum,Howard,tatum.howard@posbpal.com,2009-10-20
127,3919702298,Charita,Wyatt,charita.wyatt@azinjeh.com,1981-03-28
129,9336877583,Jann,Sellers,jann.sellers@gmcvxmn.com,2003-12-05
131,6539636384,Fleta,Puckett,fleta.puckett@nnhoztz.com,1991-04-02
132,6535974275,Lakendra,Whitley,lakendra.whitley@gsuayqa.com,1977-10-15
133,9311547907,Tawny,Joyce,tawny.joyce@hsijufg.com,2000-12-21
135,3424401903,Pearle,Sullivan,pearle.sullivan@aspstsn.com,2007-04-19
136,2431359912,Niesha,Miranda,niesha.miranda@rckqzlj.com,2009-12-24
138,9302392738,Camie,Horn,camie.horn@vdylelj.com,1980-03-04
139,0141015776,Angla,Hooper,angla.hooper@ealfrge.com,2009-07-14
141,2523828289,Otilia,Baxter,otilia.baxter@rgvjshm.com,1976-03-17
142,0236830984,Shu,Grant,shu.grant@lrezuuw.com,2009-08-05
144,7745385808,Luis,Melton,luis.melton@rclxbzh.com,1983-04-17
145,8714929366,Travis,Boyle,travis.boyle@fggqpvz.com,1980-11-21
147,9241357581,Vernia,Little,vernia.little@tynwicn.com,2004-11-07
148,2785668006,Tracee,Le,tracee.le@dtmynjx.com,1984-12-11
150,4097619792,Madalyn,Aguirre,madalyn.aguirre@danzzkv.com,2002-10-28
151,6895166189,Nerissa,Benjamin,nerissa.benjamin@gcrpwni.com,1985-09-07
153,5589624199,Teresia,Mcknight,teresia.mcknight@fgnvrla.com,2005-10-13
154,1633935624,Sharie,Poole,sharie.poole@akupxpl.com,2007-10-17
156,3166833675,Larisa,Carrillo,larisa.carrillo@bgposxo.com,1977-03-23
157,0046411202,Alyse,Robinson,alyse.robinson@mviyxii.com,2007-11-24
159,4064650716,Charlesetta,Sanders,charlesetta.sanders@nxwgnrk.com,2003-06-12
160,3214135815,Hermila,Mcmahon,hermila.mcmahon@fnifjlr.com,2001-04-25
163,1139245781,Chere,Waller,chere.waller@sarczgl.com,2007-04-15
165,7804284755,Bong,Ramsey,bong.ramsey@cbkgfmv.com,2002-11-24
166,1542382991,Reiko,Hewitt,reiko.hewitt@dbshjys.com,2005-05-13
168,8376489348,Ray,Chaney,ray.chaney@tksygiy.com,1999-12-13
169,2887292662,Raye,Boyle,raye.boyle@tiniive.com,2008-01-02
171,4947534373,Juliann,Hester,juliann.hester@nhubjwl.com,1971-12-27
172,4145837597,Doreatha,Hernandez,doreatha.hernandez@emzqchg.com,2005-12-13
174,9180393163,Wanetta,Rivas,wanetta.rivas@eehgdzk.com,1973-10-01
175,7845178310,Margarett,Porter,margarett.porter@pvzmprb.com,2004-04-08
177,6853967475,Waltraud,Barlow,waltraud.barlow@lhuqmkg.com,2001-04-18
178,6542993254,Thi,Parks,thi.parks@guvxodo.com,2007-08-15
180,0195947358,Tamar,Cruz,tamar.cruz@euppjeg.com,2004-01-25
181,9922204793,Daniell,Wynn,daniell.wynn@wlgshya.com,1994-09-21
183,3738427830,Fidelia,Crosby,fidelia.crosby@nifbwvs.com,1996-04-12
184,4197106030,Clarinda,Bishop,clarinda.bishop@czdqmhh.com,2002-06-14
186,7757287706,So,Buckner,so.buckner@yzfzzyv.com,1976-12-09
187,6267419533,Ossie,Martinez,ossie.martinez@jhqunft.com,2009-12-24
189,2378869731,Andrew,Boyle,andrew.boyle@onpfmmc.com,2009-10-26
192,2289147064,Joaquina,Knowles,joaquina.knowles@dvjvnal.com,1998-05-10
193,9343591424,Sirena,Snider,sirena.snider@oeuenzx.com,1998-01-15
195,5392785752,Farah,Larson,farah.larson@aadkcac.com,1978-04-15
196,9099145626,Vannesa,Johnson,vannesa.johnson@yzmncbp.com,2004-12-06
198,5090732532,Ayana,Gentry,ayana.gentry@knajdqf.com,2008-07-02
199,5414453236,Kallie,Hoffman,kallie.hoffman@dlticig.com,1981-11-01
201,6315637430,Jolie,Walls,jolie.walls@kldorpm.com,2004-11-21
202,8589196002,Vannesa,Snider,vannesa.snider@mqxslju.com,1998-10-28
204,7862878644,Teisha,Langley,teisha.langley@ntqsjsd.com,2004-12-18
205,2801843489,Wendolyn,Mcmahon,wendolyn.mcmahon@xnyfttm.com,2008-12-08
207,6146875229,Ailene,Richards,ailene.richards@yyfpkgk.com,2002-02-14
208,5014367896,Lezlie,Guthrie,lezlie.guthrie@jtjdgkd.com,1988-04-26
210,1472497781,Lisandra,Obrien,lisandra.obrien@gigxgmd.com,1978-07-28
211,7980136952,Colby,Boyle,colby.boyle@kjhcgbe.com,1988-12-22
213,0886254118,Laci,Zamora,laci.zamora@xnalkty.com,2001-10-07
214,2301355217,Val,Underwood,val.underwood@egoxybu.com,2000-11-19
92,9300327163,Eldora,Wells,eldora.wells@dldyrkn.com,1993-12-14
221,8032251220,Marshall,Ross,marshall.ross@gcdibzj.com,2002-10-23
224,0502038710,Christene,Reese,christene.reese@dnblerx.com,2001-12-08
230,8626428465,Mahalia,Velazquez,mahalia.velazquez@wntwojv.com,2005-04-01
233,9170932872,Lasandra,Duffy,lasandra.duffy@unpwzhv.com,1985-06-21
236,4866357670,Lenna,Mcdowell,lenna.mcdowell@nsgtlps.com,1981-02-27
239,5472436775,Mammie,Morse,mammie.morse@eevvxqn.com,2006-03-10
242,8702417256,Tama,Mcknight,tama.mcknight@hymhszm.com,2000-11-16
246,3349938124,Camelia,Figueroa,camelia.figueroa@ofdncrs.com,1978-11-21
249,8752150806,Daine,Christensen,daine.christensen@nwuhfoo.com,1998-08-03
252,0472131522,Jannet,Mccarthy,jannet.mccarthy@yfcxdit.com,2009-03-11
255,8858056818,Margit,Waller,margit.waller@mjquarr.com,2003-04-09
258,8932824987,Beula,Dillard,beula.dillard@tkstbky.com,2001-12-21
261,2879968445,Mao,Horton,mao.horton@ueolign.com,1975-09-11
263,1048608684,Shantell,Stafford,shantell.stafford@xtvzolv.com,1974-09-04
267,7648940475,Otilia,Compton,otilia.compton@qrcomrv.com,2000-10-13
273,2755761915,Marlin,Barlow,marlin.barlow@cdyxusa.com,1973-09-24
277,3634667168,Barbera,Boyle,barbera.boyle@wmyhptr.com,2003-12-13
280,7160434763,Julieann,Sullivan,julieann.sullivan@vvcvmme.com,2002-12-27
282,9146752134,Demetrius,Russell,demetrius.russell@omxblfy.com,2005-10-07
286,8956933892,Wanetta,Whitney,wanetta.whitney@ujeeutz.com,1999-06-27
289,9871230435,Elmer,Bowers,elmer.bowers@uwwfddv.com,2004-11-18
292,5308251168,Farah,Kirby,farah.kirby@toeiave.com,2007-01-18
294,2422814158,Argentina,Patterson,argentina.patterson@spylacg.com,2004-06-09
298,8572106144,See,Joyce,see.joyce@jxvqgbd.com,2001-10-10
301,0469079913,Glennis,Andrews,glennis.andrews@rjrqpkp.com,2001-11-28
304,5905470283,Elvera,Greene,elvera.greene@diuusrl.com,1993-07-03
307,6104455896,Amee,Clements,amee.clements@sazyheg.com,1974-05-19
310,2742334307,Jamey,Dixon,jamey.dixon@uebrxid.com,2005-12-07
316,4983840436,Deadra,Tillman,deadra.tillman@yhyurdy.com,2000-01-24
319,3429589175,Angelena,Beard,angelena.beard@yxqmmbx.com,1980-07-13
322,7451501709,Hyacinth,Tillman,hyacinth.tillman@jqcmiak.com,1974-12-12
325,1681237131,Sabra,Glover,sabra.glover@sqfbvva.com,1998-06-21
328,5582605321,Ronni,Poole,ronni.poole@noqitmq.com,1976-10-26
330,4536767921,Diedre,Manning,diedre.manning@tjqaqav.com,1970-12-17
334,0580844083,Serina,Romero,serina.romero@ybpvxaw.com,2008-12-07
337,4452844598,Carlita,Barron,carlita.barron@hzlldxd.com,2005-01-09
339,4182458858,Stormy,Langley,stormy.langley@xcvbazl.com,1971-12-10
343,1652551535,Remedios,Glenn,remedios.glenn@ogvhudv.com,1985-11-15
346,7219873315,Tanna,Barron,tanna.barron@khxhxqs.com,2001-08-02
349,4189477801,Clemmie,Barlow,clemmie.barlow@fxhhoqk.com,2001-03-17
352,1261621469,Virgil,Small,virgil.small@eptyrfp.com,2009-07-14
355,1556115091,Charmain,Allison,charmain.allison@pasiyiq.com,2002-01-12
358,5929284948,Luetta,Velazquez,luetta.velazquez@bkjugzu.com,1978-10-07
361,7712731217,Jeffrey,Padilla,jeffrey.padilla@aevdgmq.com,2003-10-02
365,3686853315,Mathilde,Mendoza,mathilde.mendoza@pzkmvik.com,1971-01-17
367,3907495408,Arlinda,Buckner,arlinda.buckner@dgmcead.com,2003-11-22
371,0864892971,Tamala,Weber,tamala.weber@iyxupcm.com,2004-04-14
375,0913415824,Joeann,Sutton,joeann.sutton@koalluz.com,1974-11-01
381,0835280829,Marketta,Sykes,marketta.sykes@fyobycx.com,1995-05-03
386,7653222965,Carri,Pruitt,carri.pruitt@yxkruwx.com,2003-07-12
389,4831872860,Lin,Coleman,lin.coleman@kzdavnk.com,1972-10-06
391,7671533516,Desire,Tran,desire.tran@hwyhnyk.com,2001-11-23
393,5840244456,Marilou,Hatfield,marilou.hatfield@bvwulqt.com,2002-05-22
396,1328454909,Joi,Barlow,joi.barlow@ovhtllj.com,1971-01-20
397,0070896305,Kenyatta,Cooley,kenyatta.cooley@tczhppd.com,2003-11-11
404,9526086842,Lenita,Faulkner,lenita.faulkner@euujcsf.com,1982-10-24
406,8453088807,Sharen,Carson,sharen.carson@egtdyjb.com,2005-11-16
409,2220249445,Tenesha,Langley,tenesha.langley@lpkftmn.com,2003-01-07
411,7020053144,Ileen,Garza,ileen.garza@xddrtyr.com,2004-12-09
415,5349145945,Jackelyn,Good,jackelyn.good@zvpjqjz.com,1971-06-04
424,9850864604,Nam,Johnson,nam.johnson@ykfufzd.com,2008-11-06
423,7338891047,Akiko,Barker,akiko.barker@uxtwbgl.com,2004-11-25
430,3238244072,Fe,Small,fe.small@kntnshg.com,1981-02-23
428,7602868093,Yanira,Myers,yanira.myers@jsuqhos.com,1998-08-04
432,9652734729,Cordie,Nolan,cordie.nolan@otejowy.com,2006-10-01
436,2093225556,Jonell,Pace,jonell.pace@wzfkcwm.com,1980-08-07
434,3231520118,Gilberte,Webster,gilberte.webster@ygkpziw.com,1987-05-28
442,2459436490,Dell,Charles,dell.charles@qmkoxuw.com,2009-10-18
443,6673913930,Madalyn,Malone,madalyn.malone@bcfjfsh.com,1979-05-05
446,0383620739,Jackelyn,Mcmahon,jackelyn.mcmahon@pnxukiq.com,2003-05-28
451,9533715282,Ashlea,Bradford,ashlea.bradford@bjjpqgm.com,1970-07-15
458,8169885624,Ranee,Langley,ranee.langley@uidanrf.com,2002-04-21
450,9183374492,Luna,Langley,luna.langley@jjkjewq.com,2008-11-04
463,9918237780,Susann,Sandoval,susann.sandoval@hnkrcjk.com,2002-11-27
462,1641564326,Hermine,Lester,hermine.lester@jpbeoeh.com,2000-07-01
466,8399072644,Madalene,Mosley,madalene.mosley@klxlizi.com,2006-12-18
467,6556726454,Bernardina,Barlow,bernardina.barlow@qzhnred.com,1998-03-28
476,0511193245,Matthew,Lawrence,matthew.lawrence@vcoiokr.com,1990-11-23
477,4643884776,Kallie,Puckett,kallie.puckett@jmitmnw.com,1997-10-09
482,9534326576,Jeannetta,Mcmahon,jeannetta.mcmahon@cxcmlvv.com,2004-11-22
483,5980319220,Ashli,Macdonald,ashli.macdonald@zjthhvn.com,1977-12-05
490,4054284071,Arcelia,Weeks,arcelia.weeks@ksuuimt.com,1999-12-17
498,9675012627,Zada,Carter,zada.carter@qbwxbyb.com,1975-07-07
492,7145105495,Jaimee,Hoover,jaimee.hoover@umohqjd.com,1976-10-06
504,8199182655,Michael,Cross,michael.cross@zuvxfjh.com,2005-11-18
509,2558923861,Donya,Hunt,donya.hunt@auucyjs.com,1988-11-13
512,7716088301,Deandra,Velazquez,deandra.velazquez@ozufprt.com,2009-09-11
511,9301171397,Marget,Langley,marget.langley@scpyjlp.com,1970-05-15
520,7313867720,Kasandra,Brown,kasandra.brown@rlqmuza.com,2008-11-18
513,9523940720,Akilah,Knowles,akilah.knowles@icvivlx.com,2002-12-27
524,7825036167,Sharan,Baldwin,sharan.baldwin@tprgghf.com,2002-03-08
515,5761132343,Madalyn,Dale,madalyn.dale@icbthuf.com,1992-01-21
523,0704675838,Gudrun,Wilson,gudrun.wilson@cijmbhn.com,1980-07-24
531,2441125042,Roxy,Ruiz,roxy.ruiz@fqygijm.com,1971-02-23
538,6423059632,Alise,Hood,alise.hood@ztqjptj.com,2000-04-13
542,2439599174,Nery,Mcmahon,nery.mcmahon@vrcyhek.com,2007-11-11
539,8260898999,Lorita,Buckner,lorita.buckner@pfyduvz.com,2000-11-08
548,9581018526,Phylicia,Roth,phylicia.roth@afqbjjp.com,1987-08-26
544,3415246149,Reanna,Webster,reanna.webster@inzydch.com,1991-10-16
557,5060510599,Juan,Blair,juan.blair@qhidnxo.com,1985-10-20
556,3248315908,Georgeann,Velazquez,georgeann.velazquez@gbbrzgk.com,1982-05-09
559,1243005843,Shawnee,Baldwin,shawnee.baldwin@oebpsoa.com,1996-01-20
560,5257592246,Maddie,Collier,maddie.collier@nrpmuwo.com,1977-11-28
562,5933251438,Lekisha,Howe,lekisha.howe@epbtcrr.com,2009-03-05
570,6909814935,Nicholas,Cote,nicholas.cote@bntbflb.com,2000-06-12
565,3840122558,Maia,Puckett,maia.puckett@oxltdnn.com,2003-11-03
571,0653700430,Tanna,Lyons,tanna.lyons@fjsvlyr.com,1982-12-18
576,3284631846,Fermina,Boyle,fermina.boyle@huzwdbs.com,2005-03-24
582,2603173333,Porsha,Dunlap,porsha.dunlap@sfrbupq.com,1977-04-02
577,2212854594,Roselle,Fernandez,roselle.fernandez@kpjpyal.com,1970-04-24
588,4158044934,Han,Whitley,han.whitley@dbvpogh.com,2004-11-19
590,6017175895,Delcie,Knowles,delcie.knowles@oxrtkgc.com,2005-04-17
585,3645654805,Farah,Michael,farah.michael@txiltmu.com,1988-02-14
594,4578881352,Dot,Kirby,dot.kirby@ujtqltx.com,1995-06-19
593,7982812016,Kanisha,Kaufman,kanisha.kaufman@jiiyrns.com,1996-10-28
600,2400913609,Dakota,Branch,dakota.branch@dlxcieh.com,2002-07-05
602,2961755996,Jenee,Boyer,jenee.boyer@wkkmihi.com,1973-11-20
605,0263391730,Jamey,Cox,jamey.cox@hjkhvmh.com,2000-02-01
606,4076867294,Domenica,Hebert,domenica.hebert@fxszenu.com,1981-02-14
610,4555993275,Tobi,Sharp,tobi.sharp@hmpyqii.com,2009-08-27
619,6407495759,Nancie,Thornton,nancie.thornton@xqtktwo.com,1991-07-18
622,0777001597,Fumiko,Boyle,fumiko.boyle@vqmitiv.com,1975-10-10
625,0814538111,Fransisca,Shields,fransisca.shields@eqhdggm.com,1981-04-28
629,6062646126,Merlyn,Kemp,merlyn.kemp@ulnskld.com,2006-03-21
626,0941186161,Milagro,Ferrell,milagro.ferrell@hdqnlja.com,1984-09-01
634,1667199364,Tonita,Frye,tonita.frye@kcvjadx.com,1998-01-16
638,4741845354,Christopher,Guerra,christopher.guerra@ceevdni.com,1994-05-05
640,4263635807,Burma,Morrow,burma.morrow@yhovzau.com,2008-06-01
643,9476953780,Kandis,Ellison,kandis.ellison@rntzymz.com,1983-09-14
644,3863549461,Lilliana,Velazquez,lilliana.velazquez@pgastcd.com,2009-12-02
652,7684045084,Giuseppina,Bentley,giuseppina.bentley@ypepduk.com,2001-10-12
653,9876428898,Lynna,Cox,lynna.cox@cuntxyn.com,1994-11-05
654,0671411709,Drew,Gilliam,drew.gilliam@sqnhkaq.com,2000-07-20
657,7610874693,Viki,Frazier,viki.frazier@iillepf.com,2001-10-21
661,4486413158,Domenica,Rasmussen,domenica.rasmussen@pnpnamp.com,1977-11-26
665,2190341485,Daniell,Mullen,daniell.mullen@ywcifgo.com,2006-02-28
667,2591882904,Johana,Hull,johana.hull@vvnqsoz.com,1982-12-26
669,9949975267,Maira,Hopper,maira.hopper@urjcfkh.com,2000-12-21
671,8067041609,Corazon,Diaz,corazon.diaz@xusfwxy.com,2002-07-06
672,8147302830,Jessika,Petty,jessika.petty@rcafscg.com,1977-05-17
682,0331445917,Darcel,Atkinson,darcel.atkinson@tafbjqn.com,2000-06-28
680,2218652935,Louanne,Mcconnell,louanne.mcconnell@ghomoxf.com,2003-09-01
690,8917871796,Vernia,Ratliff,vernia.ratliff@zxjdthi.com,2003-01-28
686,2793908390,Sharee,Bennett,sharee.bennett@moscoci.com,2005-04-23
695,1896386337,Gwyneth,Beard,gwyneth.beard@izetyet.com,1979-02-16
703,4837365448,Cyrstal,Mendez,cyrstal.mendez@qnihmxi.com,2001-03-20
698,0892053833,Nelia,Head,nelia.head@noztogh.com,2003-04-09
701,8611474333,Chaya,Brown,chaya.brown@dimbryn.com,1970-10-12
709,6285424526,Temple,Boyle,temple.boyle@puuawju.com,2009-12-17
714,2480869877,Melany,Little,melany.little@jutsslu.com,2001-10-18
712,9934106179,Patrick,Mercer,patrick.mercer@jexjqku.com,2004-01-17
717,3618798568,Cher,Lawson,cher.lawson@ehgbmhb.com,1991-12-21
722,4949365979,Santina,Howard,santina.howard@ajjogke.com,2007-02-06
716,9071374240,Sharyl,Nelson,sharyl.nelson@iyyunzw.com,1971-04-24
726,6893945051,Alice,Richmond,alice.richmond@pmcdfcp.com,1977-06-08
728,7115197494,Erlene,Langley,erlene.langley@pjovpuy.com,1975-11-28
732,5511499777,Jessi,Mayer,jessi.mayer@tivzcjt.com,1981-03-28
738,3691125249,Estell,Kaufman,estell.kaufman@ggqasly.com,2009-11-25
741,5568261482,Caron,Gentry,caron.gentry@dlqwbpy.com,1975-10-15
739,0097670315,Shantae,Casey,shantae.casey@lvcqxbg.com,2006-04-17
749,3806481695,Jose,Henderson,jose.henderson@msmmncz.com,1987-12-11
747,8604750401,Marivel,Pruitt,marivel.pruitt@ehmspdp.com,1997-01-19
756,5995202315,Rosamond,Montgomery,rosamond.montgomery@dyezpcu.com,2008-10-27
765,8542800746,Lester,Ewing,lester.ewing@ksojwyi.com,2005-04-18
767,7182946567,Elene,Burris,elene.burris@aqopwpd.com,2003-10-03
771,8847985533,Louie,Hunt,louie.hunt@sfpquuz.com,2003-06-18
762,8973107694,Akiko,Cooke,akiko.cooke@gqubwhq.com,2004-08-08
774,4423852236,Lakia,Levine,lakia.levine@kewqhll.com,2003-11-19
780,1845117988,Julee,Bryant,julee.bryant@cudcsbo.com,2003-08-12
772,6746230929,Shaunte,Tucker,shaunte.tucker@uslmtkm.com,2000-11-14
781,1246057833,Casimira,Crawford,casimira.crawford@hhbzoko.com,1992-06-16
789,5879846993,Suzann,Palmer,suzann.palmer@qygzoot.com,1997-04-02
787,7842736527,Georgeann,Lane,georgeann.lane@wtkzdzq.com,2004-12-10
785,7658400342,Torri,Vang,torri.vang@lbyugcn.com,1979-10-09
798,1963525101,Tamiko,Kerr,tamiko.kerr@fvxmzvl.com,1999-05-16
799,8661218973,Wenona,Morton,wenona.morton@ahnosud.com,2006-04-27
802,2874475925,Ray,Berg,ray.berg@gcifsmq.com,2001-06-07
804,4991784494,Lavinia,Meadows,lavinia.meadows@sskgdws.com,2002-09-07
805,8676782053,Kathryne,Ryan,kathryne.ryan@psyngjg.com,1984-09-27
816,1744104833,Oneida,Morton,oneida.morton@alhjlno.com,2008-02-02
809,8783593571,Donya,Haney,donya.haney@bitkxpm.com,1976-12-25
817,2623000084,Glinda,Montoya,glinda.montoya@fumvxho.com,1991-11-03
825,7433496931,Hassie,Byrd,hassie.byrd@lsceogu.com,2004-06-18
827,7446618492,Audie,Perry,audie.perry@sdoqqdi.com,1975-09-07
822,3426538931,Debbi,Mercer,debbi.mercer@qtrfvvr.com,1982-07-04
835,5647302004,Deonna,Browning,deonna.browning@xgmzscl.com,2001-05-05
839,8610019382,Monserrate,Morrow,monserrate.morrow@vqdlzjl.com,2006-11-21
832,8920688331,Jesusita,Cobb,jesusita.cobb@lrduwxt.com,1996-12-21
841,1637597420,Kindra,Moran,kindra.moran@fipvtmd.com,1980-04-27
845,5680942240,Jesusita,Preston,jesusita.preston@dkcyolv.com,1988-04-26
849,5042443619,Leon,Wolfe,leon.wolfe@mnuzzhr.com,1972-10-09
846,6275964114,Gwenn,Pacheco,gwenn.pacheco@wtfpkwe.com,1981-05-06
856,1295495474,Tashina,Salinas,tashina.salinas@wwmmytd.com,1988-11-17
852,6261000518,Jacqui,Parker,jacqui.parker@btwpwnn.com,2000-09-08
862,5132460588,Elvie,Puckett,elvie.puckett@vqtkznz.com,2002-09-20
865,3665795786,Angele,Doyle,angele.doyle@khzzdyu.com,2000-12-04
868,7824426051,Larry,Sears,larry.sears@agfymhd.com,2005-02-24
875,3491845591,Shemeka,Goodman,shemeka.goodman@wlamuxc.com,1972-10-28
869,8045373315,Narcisa,Hawkins,narcisa.hawkins@tqcdntj.com,2000-12-08
874,4021936822,Tomika,Bolton,tomika.bolton@coiaupf.com,2004-10-14
879,0939040184,Emerald,Tillman,emerald.tillman@cpduzcw.com,2005-06-25
887,0957055463,Alita,Hansen,alita.hansen@degncrd.com,1977-06-05
893,1083703429,Laurena,Alvarado,laurena.alvarado@jpqgfva.com,1995-12-18
892,4073205381,Mabelle,Burgess,mabelle.burgess@okhcegz.com,1982-02-02
885,2399011038,Clotilde,Miles,clotilde.miles@oohetcj.com,2003-10-11
891,0691857723,Jamey,Travis,jamey.travis@zfsupcg.com,1996-04-10
895,2657790101,Steven,Stanton,steven.stanton@wuarouo.com,1970-12-20
903,1071496508,Shanice,Perry,shanice.perry@fptgtch.com,2002-04-06
914,4547448667,Reita,Henson,reita.henson@mwfcjtj.com,1990-12-27
913,6224990935,Macy,Mcmahon,macy.mcmahon@ksajvgt.com,2009-11-10
910,3507104415,Arnita,Wood,arnita.wood@bwdoznl.com,1984-11-11
920,6172204522,Leeanna,Dudley,leeanna.dudley@swrplrl.com,1992-10-20
912,9332605915,Hiroko,Fletcher,hiroko.fletcher@muuomfd.com,1982-04-12
923,6876855314,Chasidy,Alvarado,chasidy.alvarado@cdvrgku.com,2006-12-19
922,1692529242,Scott,Montgomery,scott.montgomery@hshipnn.com,1995-10-12
933,8656630570,Maryanna,Whitley,maryanna.whitley@exyagpv.com,1990-09-28
929,7966638125,Sarai,Petty,sarai.petty@sivgjox.com,1973-02-26
931,5091271826,Anneliese,Head,anneliese.head@jnlittr.com,1982-10-16
941,9543481308,Samuel,Kane,samuel.kane@oapoorz.com,1991-02-28
937,8079553173,Kellye,Ramos,kellye.ramos@ergoqne.com,1985-07-21
940,2904687452,Patrick,Barlow,patrick.barlow@gtennlx.com,2003-02-21
948,7287622931,Nathan,Vang,nathan.vang@uuphajg.com,1983-10-14
952,1008935422,Myrta,Summers,myrta.summers@dndmctw.com,2000-11-24
961,9071679671,Russell,Rhodes,russell.rhodes@tprfzrf.com,2000-11-05
963,2054162583,Hsiu,Langley,hsiu.langley@uxicurl.com,2008-10-22
958,8200473503,Valery,Guerrero,valery.guerrero@qqbycks.com,2002-01-14
969,0209375982,Dorla,Coffey,dorla.coffey@ruzgqii.com,1978-04-17
967,1688867177,Lael,Puckett,lael.puckett@aqtfkrb.com,1995-10-21
971,2333703508,Julene,Cole,julene.cole@rtlctai.com,2003-03-13
978,7088037000,Cathi,Morrison,cathi.morrison@nwdtcsk.com,1978-02-13
975,8325820075,Min,Buchanan,min.buchanan@pfuaahc.com,2007-12-26
984,0817285052,Lezlie,Puckett,lezlie.puckett@sgecooy.com,2007-10-21
987,3454614168,Riva,Avery,riva.avery@nwsbxok.com,1987-05-15
991,4432702550,Caron,Keller,caron.keller@zxgkquc.com,1996-02-09
990,0455346681,Larhonda,Marks,larhonda.marks@khqsdix.com,2009-11-20
995,0508752358,Jamey,Wooten,jamey.wooten@tygblpe.com,1996-06-14
996,0973220998,Lauralee,Carr,lauralee.carr@aunkboz.com,1999-10-17
1000,6262841720,Yukiko,Mooney,yukiko.mooney@wxunrbc.com,1989-12-18
3,8129602076,Dione,Elliott,dione.elliott@csqazhq.com,2005-05-19
6,9257226581,Leda,Puckett,leda.puckett@oplpntm.com,2008-05-14
10,4828515648,Britteny,Ball,britteny.ball@wstoizv.com,1988-01-05
217,2589135972,Mao,Whitley,mao.whitley@zorrkpz.com,1982-12-23
247,6253076331,Masako,Knowles,masako.knowles@vnpqbek.com,1979-09-06
278,1462426959,Verena,Solomon,verena.solomon@vpiseaz.com,2005-08-20
314,1599145845,Spring,Mcmahon,spring.mcmahon@pdkgimz.com,2007-10-09
341,6680393330,Becki,Holt,becki.holt@rcpctse.com,1999-05-27
366,6705651134,Raymond,Juarez,raymond.juarez@merblen.com,1998-04-09
388,0843835759,Ayako,Velazquez,ayako.velazquez@rhydhvu.com,1998-10-10
419,4525160330,Lien,Estrada,lien.estrada@wvdpuag.com,1974-10-21
449,9842248996,Kayleigh,Cameron,kayleigh.cameron@rptymji.com,1992-09-04
473,7233290273,Shira,Vang,shira.vang@wqinjcv.com,1986-11-22
507,8120822273,Mika,Jensen,mika.jensen@uuzfpec.com,2005-03-05
534,2127709418,Saturnina,Rowe,saturnina.rowe@zvkdrhz.com,1984-10-14
579,3646875592,Seema,Carrillo,seema.carrillo@ytgjluv.com,1977-10-12
595,5152001461,Ivelisse,Reeves,ivelisse.reeves@gqupbze.com,2003-03-17
641,6680698806,Stephen,Garcia,stephen.garcia@vlsqcjr.com,1978-02-04
670,0816674487,Magen,Fowler,magen.fowler@xedlili.com,2007-11-13
708,4647851283,Jeffery,Norton,jeffery.norton@fndodsc.com,1985-08-25
740,6259780791,Mariela,Waters,mariela.waters@wzuaptb.com,1982-02-23
768,5872521653,Providencia,Schmidt,providencia.schmidt@rcukmrk.com,1985-05-21
16,4761682167,Ruth,Slater,ruth.slater@rdwxgdv.com,1971-03-12
18,9295068399,Charmain,Gaines,charmain.gaines@zxeedip.com,1998-08-28
22,3621545455,Danyelle,Rogers,danyelle.rogers@ijwrmgs.com,2004-03-22
28,2021508830,Kindra,Andrews,kindra.andrews@qbppzlo.com,2003-01-13
31,8838210268,Paz,Velazquez,paz.velazquez@eyoakfa.com,1988-11-13
34,9098535102,Ruth,Leblanc,ruth.leblanc@otswnfq.com,2006-11-26
37,0190219786,Ronald,Warner,ronald.warner@ntzbgxm.com,1994-09-01
41,4771447717,Steve,Church,steve.church@thlgwys.com,2008-01-17
44,0409560378,Amberly,Nichols,amberly.nichols@wbtyyzy.com,1979-12-26
47,4615808165,Eleanora,Randall,eleanora.randall@dplvcqm.com,2005-09-16
50,8580722618,Shandi,Macdonald,shandi.macdonald@ozlsqha.com,2008-10-10
53,9332605056,Maragret,Hawkins,maragret.hawkins@gliokij.com,2003-03-08
55,9823632880,Wendolyn,Woods,wendolyn.woods@mcetowo.com,1991-11-11
58,7085280508,Shelba,Harding,shelba.harding@hpomckg.com,2008-01-01
61,6679711997,Carie,Guthrie,carie.guthrie@rdehhzr.com,1978-04-04
65,4409814431,Maisie,Berger,maisie.berger@rsykbzg.com,2003-09-24
68,3086877422,Melita,Tanner,melita.tanner@dbixoir.com,1975-09-02
74,1787133886,Yee,Stark,yee.stark@lvsejqy.com,2000-11-21
77,7538171486,Deane,Blevins,deane.blevins@xrglkyc.com,2000-11-06
80,6095900637,Sharen,Whitley,sharen.whitley@dgqydlr.com,2003-06-04
83,1179834080,Lean,Wolf,lean.wolf@fgynbci.com,2003-11-07
85,4743371680,Evelyne,Calderon,evelyne.calderon@blggebm.com,2007-12-06
88,6661401378,Lavenia,Adams,lavenia.adams@ebdebrp.com,2007-07-03
91,9978051771,Chung,Simpson,chung.simpson@mvguqff.com,2001-12-18
93,4729333512,Sanora,Velazquez,sanora.velazquez@dnyydiy.com,2007-01-22
96,0112634395,Jodee,Cooley,jodee.cooley@vqokfwq.com,2001-11-14
99,5868859875,Genie,Cooke,genie.cooke@drksxbv.com,1970-10-03
102,7291589470,Detra,Tyson,detra.tyson@thpsupl.com,2000-06-24
105,5857568487,Jesus,Park,jesus.park@vihdxjt.com,2004-04-10
108,3696923959,Un,Barlow,un.barlow@rzkqjwh.com,1993-06-02
110,1303125123,Lynell,Cooke,lynell.cooke@rwkmtvq.com,2005-01-10
116,7183862433,Thu,Jacobson,thu.jacobson@deomlmf.com,1986-10-04
119,2118859995,Britteny,Holland,britteny.holland@yjlbjru.com,1986-12-03
122,9170017234,Oralee,Wyatt,oralee.wyatt@jbpcxlr.com,2008-12-28
125,7690820225,Asley,Jarvis,asley.jarvis@mqmurll.com,1986-02-13
128,8111596820,Kizzy,Garner,kizzy.garner@pbelxuw.com,1984-12-02
130,5314650787,Audrea,Nieves,audrea.nieves@riqlgpt.com,1986-02-27
134,9627404931,Brunilda,Heath,brunilda.heath@hcyhqah.com,2008-11-21
137,1120080482,Brigida,Williams,brigida.williams@zuuodni.com,2004-09-07
140,2844262848,Ladawn,Velazquez,ladawn.velazquez@ybyocvi.com,1983-11-09
143,5625024570,Elly,Harding,elly.harding@kolkfvu.com,1994-05-09
146,4292321946,Melany,Stevens,melany.stevens@nrxfcfd.com,2007-08-18
149,8217187661,Antonetta,Hart,antonetta.hart@wmqllbh.com,2003-12-21
152,6190585012,Mammie,Clarke,mammie.clarke@agkwaez.com,2008-12-28
155,4848046943,Obdulia,Vang,obdulia.vang@ptrwtmz.com,2009-06-17
158,8956323312,Kenia,Mcmahon,kenia.mcmahon@oloctqx.com,2003-08-03
164,6014733073,Ettie,Mcdonald,ettie.mcdonald@fuahwpm.com,1972-02-07
167,7757897038,Daphine,Chapman,daphine.chapman@inqgvsp.com,2006-11-11
170,5767541686,Laura,Reyes,laura.reyes@iepnqwx.com,1990-10-25
173,4668603601,Marilou,Robinson,marilou.robinson@fhtapqg.com,2003-10-07
176,2999902432,Lilla,Buckner,lilla.buckner@vcramed.com,2008-06-09
179,6348901469,Marine,Hutchinson,marine.hutchinson@kdvvpij.com,1974-06-01
182,7082849225,Joeann,Rowe,joeann.rowe@pfjykpf.com,2006-12-19
185,5347314551,Waltraud,Mason,waltraud.mason@uuwljjx.com,2007-12-23
188,9264855067,Youlanda,Barlow,youlanda.barlow@kqorzsz.com,1978-10-10
191,7957177848,Tyler,Lester,tyler.lester@bvflksl.com,1971-11-14
197,4461389270,Dominque,Hernandez,dominque.hernandez@dcwozpd.com,1982-06-24
200,3754602163,Bell,Weaver,bell.weaver@ukrkaac.com,1988-11-23
203,7276930143,Caprice,Maxwell,caprice.maxwell@ajzvmel.com,1977-03-18
206,6188684300,Romaine,Duran,romaine.duran@nbxtska.com,2005-07-22
209,0809045631,Katherina,Hoffman,katherina.hoffman@rxzsbgf.com,1987-11-03
212,6850376211,Junko,Fisher,junko.fisher@gylonjb.com,1976-04-05
815,2202172688,Viva,Barry,viva.barry@ltyndma.com,1970-11-21
834,9811720713,Tony,Davidson,tony.davidson@ommkhyr.com,1994-11-01
854,4358840974,Annalee,Knowles,annalee.knowles@cnwvsyw.com,1998-10-01
886,7015405072,Carl,Contreras,carl.contreras@ekciqrx.com,1991-04-07
928,3654809411,Stasia,Acosta,stasia.acosta@xlcrycl.com,2005-12-01
959,2433180890,Myung,Castaneda,myung.castaneda@udqtukd.com,1978-10-27
970,9454970350,Mike,Shepherd,mike.shepherd@llgkuml.com,2009-09-12
993,8706384293,Taina,Carrillo,taina.carrillo@ldqobhy.com,1996-07-09
15,8123193397,Vashti,Stephens,vashti.stephens@hvlmtze.com,2007-10-08
66,6335778897,Elfreda,Gutierrez,elfreda.gutierrez@caiwkyz.com,2000-11-09
215,5455651083,Talieee,Sears,talieee.sears@pdnhjim.com,2002-11-24
118,8652673470,Steffanie,Brewer,steffanie.brewer@hgzcywq.com,1988-10-22
162,5789819410,Synthia,Shields,synthia.shields@nbiycda.com,1976-01-10
190,1536889751,Monserrate,Malone,monserrate.malone@zcygdgd.com,1993-03-14
218,4508691647,Heike,Brown,heike.brown@worevmj.com,1998-09-22
227,0348535395,Gertrudis,Noel,gertrudis.noel@vatjokr.com,1999-09-14
270,1747766396,Maryland,Boyle,maryland.boyle@lchfbdj.com,2003-09-01
313,9367089179,Glynda,Marquez,glynda.marquez@dmnqquy.com,2002-03-14
340,5587792221,Arletha,Lambert,arletha.lambert@bzxadml.com,2007-11-23
378,4537072044,Latarsha,Robertson,latarsha.robertson@puhuzqh.com,2006-05-08
413,5838952072,January,Roberts,january.roberts@vwasxcm.com,2000-03-16
453,1456323617,Arthur,Vasquez,arthur.vasquez@qoaephu.com,2003-02-04
486,1368432026,Tajuana,Steele,tajuana.steele@jlukjxw.com,2008-07-16
497,5443740419,Lucrecia,Whitaker,lucrecia.whitaker@svodond.com,2007-07-04
540,6372399455,Sherron,Robinson,sherron.robinson@rebnblt.com,1989-11-10
573,9120273933,Deja,Mcclure,deja.mcclure@mffuuok.com,1993-07-12
603,2247033317,Logan,Crawford,logan.crawford@hvxdiuh.com,2001-11-03
637,6821618202,Maryrose,Whitley,maryrose.whitley@wrhmztr.com,1989-06-14
674,5794702745,Melynda,Joseph,melynda.joseph@fjppnmt.com,1989-12-28
707,5296340827,Marylyn,Wilcox,marylyn.wilcox@epebfyp.com,2009-01-08
742,7327905938,Trinity,Pena,trinity.pena@krugiwb.com,1971-11-14
744,3208642345,Steffanie,Hampton,steffanie.hampton@gbgaszw.com,1997-11-04
761,0478530722,Delora,Simpson,delora.simpson@uhjgnmt.com,1978-08-19
797,3632836624,Mozell,Lewis,mozell.lewis@eduweqa.com,2001-12-20
829,9306960056,Dallas,Welch,dallas.welch@ktybpsj.com,1981-01-09
859,3705163346,Jackeline,Townsend,jackeline.townsend@kuwhzqn.com,2002-12-16
906,3811975026,Sherise,Burnett,sherise.burnett@juivvcj.com,2004-10-25
944,2482629351,Colby,Whitfield,colby.whitfield@bmqmgcm.com,2007-09-13
976,0877709859,Toccara,Fitzgerald,toccara.fitzgerald@xzwfrhj.com,2005-01-27
13,6162744176,Deane,Compton,deane.compton@awgfzew.com,1974-05-03
25,7492690233,Serina,Rosales,serina.rosales@nykvyxv.com,2008-04-05
71,0054030520,Treasa,Puckett,treasa.puckett@muuncws.com,2008-10-02
113,6245141737,Nikole,Patrick,nikole.patrick@caernzd.com,1981-10-22
161,9198022544,Margit,Russell,margit.russell@gdmrzfv.com,2008-01-18
194,1246057246,Carlee,Bullock,carlee.bullock@jubtvkz.com,2001-11-14
